Action|Rank all|Rank all past|Delta|Rank shortterm|Rank longterm|Trend|Ticker|Name|GICS sector|GICS industry|Current price|Beta|Last month|Last 3 months|Last year|YTD Performance|200 avg|Z-score 20MA|Efficiency Score|Sharpe Ratio|Trend rank|Sharp ratio rank|Rank efficiency|Rank 1M|Rank 3M|Rank 1 Jaar|Rank 200 MAVG|Total score|Total score incl beta|Sector momentum rank
N|1|1|0|1|9|Bullish|MRNA|Moderna, Inc.|Healthcare|Biotechnology|189.0|1.9472913152151412|0.2985228171571477|1.560975503855325|5.862744869897219|5.124432801747987|1.6982721318445009|0.6535506640831713|0.230344529609871|1.546841872556137|1|33.0|3.0|5.0|1.0|3.0|1.0|9.175|10.044139781709893|3
N|2|33|31|2|5|Bullish|HPE|Hewlett Packard Enterprise Company|Technology|Communication Equipment|70.3|2.0574983340121933|0.355342581974857|0.5777438292500925|1.886955968678039|1.9433092930449476|0.8909556615839183|1.957055615276385|0.18927396372964891|2.1261309096230048|1|8.0|6.0|1.0|4.0|14.0|4.0|11.251666666666665|12.441528542152717|2
N|3|65|62|3|4|Bullish|LITE|Lumentum Holdings Inc.|Technology|Communication Equipment|1105.17|2.864482752689841|0.25408649468829214|0.5629614455639067|5.881506587787155|1.8623191368483152|0.46724068969386456|1.9718254528963806|0.11963447113472278|2.4688253937020574|1|6.0|34.0|12.0|5.0|2.0|17.0|11.506666666666668|13.652064820761778|2
N|4|5|1|5|16|Bullish|OKTA|Okta, Inc.|Technology|Software - Infrastructure|219.51|1.221029446842724|0.2866939750682487|0.49560532540767643|1.3424394637132364|1.6244619990655722|0.9352040293131281|1.5218366070337785|0.17398853462939945|1.6020758013048535|1|31.0|9.0|9.0|9.0|18.0|3.0|14.551666666666666|14.87330135006397|2
N|5|3|-2|9|7|Bullish|VLO|Valero Energy Corporation|Energy|Oil & Gas Refining & Marketing|416.94|-0.2661406034180359|0.1246763018642214|0.4796073048293501|1.6054337110261172|1.5595057797011442|0.5946750883162517|1.6117383379455827|0.23431252714411058|2.78556552956063|1|2.0|2.0|28.0|10.0|16.0|12.0|15.588333333333331|13.614631156038516|1
N|6|13|7|6|12|Bullish|CRWD|CrowdStrike Holdings, Inc.|Technology|Software - Infrastructure|281.86|1.4960992975360163|0.3226653774147874|0.47478028045769993|1.2732936228447098|1.4856475889073937|0.8170914328290524|1.5385879602188095|0.16585944360409474|1.7701087101268527|1|19.0|13.0|3.0|12.0|20.0|5.0|15.791666666666666|16.575090140692293|2
N|7|2|-5|10|10|Bullish|MPC|Marathon Petroleum Corporation|Energy|Oil & Gas Refining & Marketing|430.41|-0.12943179924163692|0.10673696774231534|0.5376533564931538|1.261260468531336|1.6365924584501381|0.6355966101727013|1.6424985447677178|0.2259613657711907|2.489070319564301|1|5.0|4.0|34.0|8.0|21.0|11.0|17.03333333333333|15.10953450195841|1
N|8|6|-2|24|1|Bullish|DELL|Dell Technologies Inc.|Technology|Computer Hardware|579.05|2.2301802795105803|0.10476205559003704|0.3427017386266551|3.02324948096075|3.5723535337293812|0.9497088968483314|1.421720799115628|0.18435400421344128|2.2152695880101883|1|7.0|7.0|36.0|25.0|5.0|2.0|17.571666666666665|19.73329844781334|2
N|9|23|14|15|11|Bullish|TWLO|Twilio Inc.|Technology|Software - Infrastructure|291.17|1.3276914458714517|0.24976395115274985|0.3511368909512762|1.654238907020003|1.1044376894734982|0.6386705316056616|0.8096562235764874|0.16847151958735535|1.8566671842128555|1|17.0|12.0|13.0|23.0|15.0|10.0|19.346666666666664|19.980640383945968|2
N|10|86|76|22|8|Bullish|MRVL|Marvell Technology, Inc.|Technology|Semiconductors|290.28|3.0556517242344468|0.2985014360871754|0.2530818605309242|2.271462516715184|2.252108377228904|0.7191922560868522|2.002334680475206|0.12958875845413695|1.882642565893566|1|15.0|29.0|6.0|34.0|10.0|7.0|19.516666666666666|23.528613615130894|2
N|11|83|72|20|6|Bullish|AMD|Advanced Micro Devices, Inc.|Technology|Semiconductors|645.64|3.1647784852192617|0.35192744539687926|0.2478306053440711|2.1694073865839663|1.8891573655219784|0.7032024058421282|1.1885405582228534|0.15202408375408427|2.0204207340688556|1|11.0|17.0|2.0|35.0|11.0|8.0|19.891666666666666|24.197771870181985|2
N|12|61|49|18|20|Bullish|FSLY|Fastly, Inc.|Technology|Software - Application|26.26|1.1351005595528638|0.27537638685735844|0.3302938350800455|2.032332616939635|1.5770364162284118|0.30493864475078425|0.5976637953404922|0.07961123812512727|1.463552776180274|1|39.0|94.0|10.0|26.0|13.0|30.0|23.241666666666664|23.55566288382744|2
N|13|29|16|19|18|Bullish|PANW|Palo Alto Networks, Inc.|Technology|Software - Infrastructure|423.99|1.187564837991153|0.27224985769574794|0.3225303498027101|0.9944961724902082|1.3637732705684433|0.6782298382448453|1.8785423484610146|0.15094566910723534|1.6851866413867749|1|25.0|18.0|11.0|28.0|25.0|9.0|23.486666666666668|23.92719394949522|2
N|14|4|-10|23|13|Bullish|PSX|Phillips 66|Energy|Oil & Gas Refining & Marketing|268.7|-0.23573224214894067|0.053353733417603966|0.43829476513505217|1.0813784511808389|1.1009735669251275|0.4617360425459349|1.1364906515310282|0.2119703053357122|2.5032810021935834|1|4.0|5.0|62.0|15.0|23.0|18.0|23.96333333333333|21.002106970397087|1
N|15|74|59|17|34|Bullish|NET|Cloudflare, Inc.|Technology|Software - Infrastructure|361.87|1.5662375749259894|0.2973970406528652|0.32359183642488465|0.6371985793717299|0.8460870937285228|0.5277290393998515|1.2229157421231855|0.08350249104757163|1.0961342338850533|1|71.0|90.0|7.0|27.0|42.0|14.0|29.14166666666667|30.791777332930156|2
N|16|36|20|51|2|Bullish|MU|Micron Technology, Inc.|Technology|Semiconductors|1062.64|3.2785515799972966|0.04529847030564893|0.11998315100302426|4.570168829096523|2.3709019130562066|0.5404102545821066|0.5515407746203895|0.14547528257146713|2.528750932982987|1|3.0|21.0|67.0|61.0|4.0|13.0|32.79166666666667|40.26341705607447|2
N|17|100|83|30|17|Bullish|BE|Bloom Energy Corporation|Industrials|Electrical Equipment & Parts|294.51|4.227307735962603|0.16466961556081516|0.1581659041872352|2.3863400697514554|1.9841928535249052|0.4057300239268964|1.7495474243817546|0.08360458037822607|1.6351658911184785|1|28.0|89.0|23.0|51.0|8.0|23.0|33.44833333333334|44.24313982550559|4
B|18|9|-9|34|25|Bullish|APA|APA Corporation|Energy|Oil & Gas E&P|43.99|-0.7310776908058162|0.028524655814327282|0.2635371281145724|0.8122709210931509|0.7752448600024215|0.24786748248195778|0.036453544889056055|0.10591255972160038|1.5353641951762242|1|34.0|50.0|75.0|33.0|29.0|37.0|36.05833333333333|29.816355693236027|1
N|19|177|158|39|21|Bullish|AAOI|Applied Optoelectronics, Inc.|Technology|Communication Equipment|128.13|4.226308347425395|0.21415712576637347|0.11962598100784794|2.7919501784068044|2.2356061852813944|0.1673784527891784|2.703313492387178|0.058316641872307215|1.6094465207757922|1|30.0|145.0|15.0|62.0|6.0|60.0|37.641666666666666|49.78602900443376|2
N|20|12|-8|16|58|Bullish|TEAM|Atlassian Corporation|Technology|Software - Application|195.94|0.7911360913711067|0.03354783261692895|1.2925002597582518|0.3046141341960642|0.2660894737324708|0.7384063912624965|1.1685437317694063|0.04923166369200352|0.7065417434115127|1|112.0|162.0|71.0|2.0|81.0|6.0|39.54666666666667|38.72067952934227|2
N|21|142|121|53|29|Bullish|DDOG|Datadog, Inc.|Technology|Software - Application|279.39|1.1472869609370528|0.3121213995691736|0.07009078830590787|0.7754829621017487|1.0885848177962392|0.5002527096328759|1.3417681969538227|0.09888179441492426|1.1618318679717061|1|65.0|61.0|4.0|85.0|33.0|15.0|42.43166666666667|43.05662978974941|2
B|22|99|77|59|14|Bullish|INTC|Intel Corporation|Technology|Semiconductors|115.42|2.9208890674507026|0.20480163176656796|0.04698840925806014|2.1544137611007015|1.9309293262932896|0.4080735488295948|0.2306122986372345|0.116095484114029|1.8764249340804005|1|16.0|38.0|18.0|99.0|12.0|22.0|42.60666666666667|50.790934686718295|2
N|23|8|-15|35|51|Bullish|SNOW|Snowflake Inc.|Technology|Software - Application|341.26|1.2998190413067308|0.012100383809373616|0.30595845236835606|0.4071416542472466|0.5747311588180708|0.4888997232064298|1.310312208641292|0.0713731099717692|0.8316061635066013|1|96.0|120.0|86.0|30.0|58.0|16.0|43.71666666666667|45.027375575579256|2
N|24|53|29|36|50|Bullish|ANET|Arista Networks, Inc.|Technology|Computer Hardware|212.05|2.038617566522654|0.0942821825564748|0.17122339920303697|0.41839464882943145|0.5872005262911437|0.3272183033552012|1.6510797831226396|0.06168944489677137|0.9201716493900418|1|86.0|139.0|40.0|49.0|56.0|28.0|45.97666666666666|50.751884031682316|2
N|25|116|91|41|28|Bullish|NBIS|Nebius Group N.V.|Communication Services|Internet Content & Information|247.42|3.584295256327351|0.09289279856463994|0.14292315633358532|0.9803105103670364|1.7506393373461377|0.46093322966327555|1.53558366015401|0.060587767806821034|1.1558940451836777|1|66.0|143.0|41.0|56.0|26.0|19.0|46.425|58.422590727499724|6
N|26|114|88|44|32|Bullish|TSM|Taiwan Semiconductor Manufacturing Company Limited|Technology|Semiconductors|484.23|2.1686546849816186|0.13200679179163477|0.11110129020737847|0.6182372841045534|0.5269780310885817|0.24973612586090232|1.8513054367025856|0.10358180167255546|1.404597522687704|1|44.0|55.0|27.0|67.0|45.0|36.0|47.78666666666666|53.371277854632154|2
N|27|26|-1|11|74|Bullish|U|Unity Software Inc.|Technology|Software - Application|45.52|2.145315000683503|0.09265482877402542|0.5451460086430218|0.21289638903774089|0.028700564971751552|0.42543773607908064|1.7911521293615347|0.03146289432772894|0.6418250846366317|1|118.0|208.0|42.0|7.0|104.0|21.0|48.146666666666675|53.66097662329084|2
N|28|135|107|76|27|Bullish|ARM|Arm Holdings plc|Technology|Semiconductors|304.7|3.470335614282342|0.20869532479025144|0.014854815849625558|0.9504544720207024|1.6558004975564726|0.3999628999461782|0.6231709777968214|0.07196901603226259|1.2294883937722594|1|56.0|113.0|17.0|119.0|27.0|24.0|53.22666666666666|66.3754396962868|2
N|29|43|14|43|46|Bullish|XOM|ExxonMobil Holdings Corporation|Energy|Oil & Gas Integrated|164.48|-0.5612350245576584|0.03141655948420752|0.1729967206378693|0.48202345860427465|0.3679540913800523|0.11020231736110775|0.5171683898326095|0.1183615530054177|1.6552524160502005|1|26.0|36.0|73.0|48.0|49.0|82.0|55.34833333333333|46.707157678244116|1
B|30|24|-6|30|67|Bullish|HPQ|HP Inc.|Technology|Computer Hardware|32.19|0.7626303345877592|-0.004202563409042348|0.36681360134497676|0.2713454174005143|0.511407603234733|0.3832323008480192|-0.277308073872768|0.053293556114852876|0.7495572862876423|1|107.0|157.0|103.0|21.0|91.0|26.0|55.37666666666668|54.06219258283549|2
N|31|113|82|84|23|Bullish|LRCX|Lam Research Corporation|Technology|Semiconductor Equipment & Materials|337.8|3.1799117482060995|0.09916742938223666|0.015034872757397233|1.275295485434778|0.830771060301156|0.22194349099373523|1.1817277986698007|0.09228077486868973|1.5975595575380992|1|32.0|71.0|38.0|118.0|19.0|43.0|56.43166666666667|68.7332719804184|2
N|32|78|46|38|65|Bullish|NVDA|NVIDIA Corporation|Technology|Semiconductors|241.99|1.8869863639932072|0.05166165064069306|0.18685472273544224|0.3073719090892155|0.28438571409250124|0.20366502357313432|2.0808515111108146|0.06139968936367407|0.9004126159307064|1|88.0|141.0|65.0|43.0|80.0|50.0|58.88166666666666|64.10439020891933|2
B|33|44|11|49|39|Bullish|FCX|Freeport-McMoRan Inc.|Basic Materials|Copper|71.38|2.14676517782894|-0.018561849231716|0.24440438623075145|0.7893685727482325|0.3843538347752946|0.12079485822445624|-0.0802218622287168|0.08948728473274857|1.4620708251195738|1|40.0|74.0|120.0|36.0|31.0|72.0|58.88666666666667|65.63958454384202|5
N|34|105|71|70|31|Bullish|ASML|ASML Holding N.V.|Technology|Semiconductor Equipment & Materials|1845.85|2.1927772985206784|0.07637268773574468|0.04499883794594717|0.7808951536653606|0.5937009135437568|0.19253447190324735|1.2667323497932534|0.0959821158438286|1.4784082628627668|1|38.0|66.0|48.0|102.0|32.0|54.0|59.29666666666667|66.36943845446145|2
N|35|85|50|33|36|Bullish|WBD|Warner Bros. Discovery, Inc.|Communication Services|Entertainment|30.95|0.4977200862176342|0.09094110272984812|0.18491573528250926|0.6221174069055417|0.08558399689686214|0.11779662081065778|0.9311577522420497|0.1759300969988921|1.9290887331796591|1|13.0|8.0|43.0|44.0|43.0|75.0|59.830000000000005|56.824859275840105|6
N|36|41|5|27|71|Bullish|TMO|Thermo Fisher Scientific Inc.|Healthcare|Diagnostics & Research|666.33|0.5469512325569476|0.08644905343798626|0.30719765035753466|0.22928856624278549|0.1276926396681819|0.22755220045594693|0.5414966839917089|0.06964449357645883|0.8610909391178072|1|94.0|125.0|44.0|29.0|101.0|41.0|59.980000000000004|57.262613492876575|3
B|37|30|-7|52|52|Bullish|CVX|Chevron Corporation|Energy|Oil & Gas Integrated|206.51|-0.4918146400277652|-0.010019204421683914|0.1837940709179262|0.39363375109203935|0.3616207886367|0.11775363348965606|-0.42854128520496376|0.11307695031398357|1.5211843287868223|1|35.0|44.0|110.0|45.0|61.0|76.0|60.973333333333336|51.87724220153737|1
B|38|28|-10|56|40|Bullish|DE|Deere & Company|Industrials|Farm & Heavy Construction Machinery|687.03|0.48990095484628216|-0.00700849154524108|0.15405277149327645|0.5194709800711754|0.4834488714998586|0.17049173063630585|0.4018051833336102|0.11332587995360707|1.4599131428368468|1|41.0|43.0|105.0|53.0|47.0|59.0|62.10333333333333|58.93544822991369|4
B|39|21|-18|57|55|Bullish|COP|ConocoPhillips|Energy|Oil & Gas E&P|129.31|-0.5162384493348243|-0.03686872269746666|0.17569068389254583|0.405401873109583|0.36670557012750926|0.1174061560143358|-0.2651693096516558|0.08663000152614408|1.2622263548828223|1|53.0|81.0|142.0|47.0|59.0|77.0|64.46333333333334|54.68915487610461|1
N|40|47|7|13|105|Bullish|PLTR|Palantir Technologies Inc.|Technology|Software - Infrastructure|192.91|1.9207998370410109|0.10657946408416508|0.45900770094527865|0.07452794135620566|0.14923149826381965|0.26755279377149943|1.199594667716248|0.013401142499115183|0.40861213205509694|1|147.0|259.0|35.0|14.0|146.0|33.0|65.00166666666668|70.98701907407276|2
N|41|127|86|91|30|Bullish|CSCO|Cisco Systems, Inc.|Technology|Communication Equipment|115.03|1.0543645475184742|0.05747196567434121|0.014548759595836236|0.7001825621030953|0.5325617430116036|0.1819151838077837|2.3647205768881654|0.1315547806486056|1.7109457653935929|1|22.0|28.0|58.0|120.0|38.0|57.0|67.87666666666667|68.24567509370624|2
B|42|46|4|158|3|Bullish|SNDK|Sandisk Corporation|Technology|Computer Hardware|1674.26|4.058587560320579|-0.0377816091954023|-0.03063956974099835|12.81744677148222|5.082909676658243|0.4425016904726793|-0.3522930232166926|0.11727423526585001|2.8616450195123524|1|1.0|37.0|145.0|156.0|1.0|20.0|68.03666666666666|88.84627689790112|2
S|43|62|19|83|24|Bullish|NUE|Nucor Corporation|Basic Materials|Steel|248.49|0.9433741531574115|-0.045924703171130954|0.09881968370130934|0.8541046586810763|0.47900706515870395|0.15842090320851576|-0.015543643306438147|0.14258578896315746|2.083406269966761|1|9.0|23.0|158.0|71.0|28.0|61.0|69.53166666666667|69.13793771592901|5
B|44|42|-2|58|64|Bullish|DVN|Devon Energy Corporation|Energy|Oil & Gas E&P|47.84|-0.5277889870923306|0.0018691292528616454|0.11174860465940939|0.40531071831938736|0.2871821100847751|0.08219308539494885|-0.2505156066704622|0.07935031388359007|1.1621644641498423|1|64.0|97.0|97.0|66.0|60.0|98.0|69.57333333333332|58.94399608713628|1
B|45|32|-13|65|53|Bullish|BIIB|Biogen Inc.|Healthcare|Drug Manufacturers - General|219.24|0.30670621729533704|-0.007200116912878141|0.09423038197312228|0.42317426586703544|0.23293212782440342|0.12035771144346974|-0.34154417482037625|0.08575713152687202|1.225268172616689|1|57.0|82.0|106.0|74.0|55.0|73.0|71.0|66.07761414279689|3
S|46|7|-39|85|33|Bullish|MRK|Merck & Co., Inc.|Healthcare|Drug Manufacturers - General|139.91|0.17036679359848908|-0.06382056181333184|0.11703992043299882|0.6218277339221279|0.3414543677387627|0.14794004758010848|-1.9081250551556597|0.14097155650327267|1.8115987746849964|1|18.0|24.0|187.0|65.0|44.0|64.0|71.71999999999998|65.76987064368835|3
N|47|157|110|104|37|Bullish|TXN|Texas Instruments Incorporated|Technology|Semiconductors|295.11|1.4707940377842479|0.14188978955340947|-0.01559482205575724|0.6652137731328613|0.690367738752953|0.18808379386300778|1.844979482789891|0.10668669307549217|1.4075003588322763|1|43.0|49.0|25.0|146.0|41.0|55.0|72.23666666666666|75.63752586427414|2
S|48|20|-28|69|48|Bullish|ROKU|Roku, Inc.|Communication Services|Entertainment|152.76|1.4607490384277653|-0.018188806507487887|0.09701974865350094|0.45707750225083155|0.4050772469170143|0.23503053402417184|-0.6187732222886214|0.09725208967574255|1.1054512269396723|1|69.0|64.0|119.0|73.0|54.0|40.0|72.395|75.7305926636978|6
N|49|104|55|14|116|Bullish|SHOP|Shopify Inc.|Technology|Software - Application|164.25|1.8819565823462832|0.13205599383632816|0.3777050689333259|-0.001519756838905817|0.044847348528123776|0.26788695157135023|2.0820489676079363|0.00027312553432349787|0.2912902832104022|1|161.0|289.0|26.0|18.0|171.0|32.0|72.85166666666666|79.27686736182307|2
S|50|10|-40|73|22|Bullish|TGT|Target Corporation|Consumer Defensive|Discount Stores|153.05|0.43831748878760257|-0.06926539936938247|0.16466351004984348|0.790102566573684|0.5646721718788037|0.19669322699789848|-1.9039184067116286|0.14907514445027742|2.051817324256323|1|10.0|19.0|194.0|50.0|30.0|51.0|73.28666666666666|69.17028276949473|8
N|51|137|86|148|19|Bullish|AMAT|Applied Materials, Inc.|Technology|Semiconductor Equipment & Materials|533.55|2.6657056803044985|0.17338525659538018|-0.06376771858635166|1.3960568060367358|0.9914886404487777|0.24136105290895582|1.3875731456253275|0.1052869745439394|1.767212498926399|1|20.0|53.0|21.0|191.0|17.0|38.0|73.45666666666666|85.69238535895674|2
N|52|79|27|21|123|Bullish|MSFT|Microsoft Corporation|Technology|Software - Infrastructure|535.14|0.9666231056411988|0.07092252737085292|0.39862106259984387|0.020759697395167587|0.13869629860515853|0.23867885490443097|2.4981121249477387|0.007101469416458372|0.22368721249315085|1|170.0|276.0|51.0|17.0|166.0|39.0|75.02166666666666|74.77126764237121|2
B|53|71|18|64|61|Bullish|AAPL|Apple Inc.|Technology|Consumer Electronics|333.58|0.6847782528687564|0.042535233701203046|0.0653424812006258|0.304344594476879|0.23422735551327567|0.15263484037867947|0.030415116185543118|0.09754762752289838|1.2048575156091519|1|58.0|63.0|68.0|88.0|82.0|63.0|75.02666666666667|72.66166297185666|2
S|54|80|26|172|15|Bullish|STX|Seagate Technology Holdings plc|Technology|Computer Hardware|822.95|2.2804352537567523|-0.03022601785641965|-0.04233661915430054|2.4089721831703903|1.8713730773252424|0.2555139546418339|-0.8900894084872985|0.10802860885244608|2.003561355943893|1|12.0|48.0|134.0|173.0|7.0|35.0|76.53166666666667|86.33105106954272|2
B|55|55|0|81|62|Bullish|EOG|EOG Resources, Inc.|Energy|Oil & Gas E&P|144.6|-0.574630830205085|-0.004063657493527217|0.0587480648098897|0.35470045327008104|0.3815944580548958|0.10139418662653377|0.2334439547214323|0.08397845847992037|1.1987896034114536|1|60.0|86.0|102.0|91.0|69.0|85.0|77.33333333333333|65.156188246414|1
B|56|90|34|75|47|Bullish|SKM|SK Telecom Co., Ltd.|Communication Services|Telecom Services|36.45|0.9588751343451547|-0.05813955345174393|0.12778466411425038|0.7000932412337806|0.7737226935884685|0.1112584705800661|0.45226479915254675|0.08728266532451673|1.3191097822595366|1|46.0|80.0|174.0|59.0|39.0|80.0|77.52499999999999|77.2061794790108|6
S|57|34|-23|55|91|Bullish|DBX|Dropbox, Inc.|Technology|Software - Infrastructure|34.1|0.3157843442760096|-0.02095899490891817|0.18279570205480922|0.16223584944297498|0.26624580815345156|0.20692584037335626|-0.3834886565830683|0.039238299546330596|0.5827084552846499|1|125.0|187.0|121.0|46.0|120.0|48.0|77.80166666666665|72.47835482919137|2
N|58|64|6|25|135|Bullish|DOCU|DocuSign, Inc.|Technology|Software - Application|69.69|0.5901442214112596|0.018710660274377178|0.47585764926759744|-0.03436328435452918|0.07463379552445693|0.2982658114259229|0.6574790108201821|0.00785778714978713|0.16541441020561742|1|177.0|272.0|82.0|11.0|181.0|31.0|79.72166666666666|76.4542280904608|2
N|59|103|44|29|82|Bullish|W|Wayfair Inc.|Consumer Cyclical|Internet Retail|106.5|2.6694782730285964|0.07110529692371115|0.2278072702660745|0.2649958060533475|-0.0005630401648681893|0.20607761557003323|1.5036542085519158|0.0335431144513423|0.6723524871531578|1|117.0|204.0|50.0|40.0|94.0|49.0|79.94333333333333|93.2896991406816|10
N|60|132|72|116|42|Bullish|GEV|GE Vernova Inc.|Industrials|Specialty Industrial Machinery|1043.81|1.9820367243069996|0.10813736023454812|-0.025378379333337198|0.7343261947729207|0.5388776740498398|0.13366307380447706|2.526964893568545|0.08458787060594986|1.3086057948336967|1|49.0|84.0|33.0|152.0|36.0|68.0|80.59833333333333|88.51338565846036|4
S|61|49|-12|74|77|Bullish|OXY|Occidental Petroleum Corporation|Energy|Oil & Gas E&P|58.28|-0.6176539988711934|-0.02485969477064709|0.09250653508702622|0.30926134627293234|0.3944578138183352|0.08359260785494782|-0.12080340550843868|0.06330265277059832|0.9439580400412089|1|85.0|136.0|128.0|75.0|78.0|96.0|80.61833333333334|67.5770764034336|1
S|62|117|55|93|43|Bullish|STLD|Steel Dynamics, Inc.|Basic Materials|Steel|238.16|1.1202714416893207|-0.013756073802233981|0.04358369471618029|0.6996108984668927|0.36324059550210763|0.0998723064489182|0.6808829979133911|0.10557515616775652|1.6391811256886861|1|27.0|52.0|113.0|103.0|40.0|86.0|82.54666666666667|83.53946732733145|5
N|63|218|155|54|94|Bullish|ETN|Eaton Corporation plc|Industrials|Specialty Industrial Machinery|441.92|1.7445837354733829|0.07562369096973098|0.1087378329161004|0.17585149396801847|0.3614516977160991|0.13677930423921114|1.0031436855960627|0.036518626363617156|0.6099781362163614|1|121.0|193.0|49.0|69.0|115.0|66.0|83.52333333333334|89.74234488658553|4
N|64|205|141|7|150|Bullish|SMCI|Super Micro Computer, Inc.|Technology|Computer Hardware|43.97|3.730536283682824|0.110633994203857|0.5608803649596832|-0.19498350677681475|0.4202196802406315|0.36844333471178436|1.4267788091604632|0.0314539651683281|0.23942048988482612|1|169.0|209.0|32.0|6.0|226.0|27.0|86.44666666666667|110.05124266034348|2
N|65|226|161|26|119|Bullish|META|Meta Platforms, Inc.|Communication Services|Internet Content & Information|741.88|1.453903040686732|0.2037963746550897|0.23104103962374478|0.04015382173222304|0.14357073860976932|0.1807929625459319|0.8144006568979699|0.010026896049700798|0.30245492067565694|1|158.0|267.0|19.0|38.0|156.0|58.0|87.825|91.81140345483122|6
B|66|94|28|12|152|Bullish|TEM|Tempus AI, Inc.|Healthcare|Health Information Services|78.43|2.4773487769599605|0.21371087382301956|0.36947790070024045|-0.1573915077660316|0.2576972295119073|0.3858402546581543|0.3829404856719267|0.02758963479694768|0.1273254688212538|1|181.0|217.0|16.0|20.0|220.0|25.0|88.80499999999999|101.92459581379293|3
S|67|11|-56|115|57|Bullish|AMGN|Amgen Inc.|Healthcare|Drug Manufacturers - General|397.49|0.49270254573870026|-0.0908904009051903|0.0864778037402667|0.3889448246180147|0.23801554458958618|0.09868709907450901|-0.013952063904683213|0.09769200428826974|1.278677657629727|1|52.0|62.0|223.0|79.0|63.0|87.0|90.005|85.43906926292117|3
N|68|45|-23|60|72|Bullish|MET|MetLife, Inc.|Financial Services|Insurance - Life|98.28|0.6672849373491326|0.006760881323997658|0.09754584206542916|0.2275117402924014|0.24951111879339294|0.18195569001241618|1.3789010882602522|0.07854105566396992|0.9853159496718464|1|83.0|98.0|93.0|72.0|102.0|56.0|90.11333333333333|87.11512699876548|7
S|69|25|-44|180|35|Bullish|CNC|Centene Corporation|Healthcare|Healthcare Plans|64.02|0.3660513395897581|-0.045047745738139966|-0.04575937554727183|0.700850186985031|0.5323121558281052|0.20697261571819414|-0.08908676841130421|0.10247045173364064|1.3603687140206997|1|45.0|56.0|157.0|174.0|37.0|47.0|93.485|87.55853094815485|3
N|70|156|86|131|56|Bullish|DAL|Delta Air Lines, Inc.|Industrials|Airlines|84.21|1.6922512730111192|0.050392939046113305|-0.032902720953431164|0.4612300821427613|0.2289585726515968|0.1127688832998468|0.9750686790864936|0.07752091058150248|1.1640710742906715|1|62.0|102.0|66.0|159.0|53.0|79.0|93.57833333333332|100.05630537095921|4
N|71|175|104|180|45|Bullish|KLAC|KLA Corporation|Technology|Semiconductor Equipment & Materials|200.85|2.7522752805257267|0.08216591268848839|-0.09088967957274618|0.7717973285148212|0.5817969115863759|0.1261442768354788|1.1823489406330348|0.07077879074499338|1.2526202273541982|1|55.0|121.0|45.0|216.0|34.0|71.0|94.93166666666666|111.56630795057748|2
B|72|56|-16|86|90|Bullish|ABBV|AbbVie Inc.|Healthcare|Drug Manufacturers - General|261.28|-0.11088448326782302|0.018794387840280757|0.04114801777034072|0.17027515662448356|0.16635785930532832|0.13635522635297082|-0.23104753594092678|0.05677359389856037|0.7485787385031184|1|108.0|148.0|81.0|105.0|117.0|67.0|95.38499999999999|84.78882835634985|3
N|73|27|-46|106|89|Bullish|LNG|Cheniere Energy, Inc.|Energy|Oil & Gas Midstream|275.58|-0.506112460796371|-0.056232876712328794|0.05839815610841814|0.19305667907611146|0.4031846657004128|0.1158150681579262|0.9000579863296736|0.0529283452331352|0.7636520887182915|1|104.0|158.0|172.0|93.0|108.0|78.0|96.12833333333333|81.65032526644127|1
N|74|125|51|205|26|Bullish|STM|STMicroelectronics N.V.|Technology|Semiconductors|58.41|2.681703415570914|0.12006117684821449|-0.1463087963166877|1.0382248638622618|1.1463268054112925|0.21465547140904273|2.0397945802568267|0.09372539505225375|1.4885581886118608|1|37.0|69.0|31.0|260.0|24.0|44.0|97.23166666666665|113.58314926016524|2
N|75|138|63|8|181|Bullish|ZS|Zscaler, Inc.|Technology|Software - Infrastructure|209.74|0.9427205382777293|0.23521788121563136|0.4610936645147754|-0.3128685404590874|-0.04910009051366426|0.2621012935332072|0.9519448777388627|0.07658074158390495|-0.2150241575547966|1|221.0|105.0|14.0|13.0|256.0|34.0|97.36666666666666|96.80895564103082|2
N|76|37|-39|88|85|Bullish|MTCH|Match Group, Inc.|Communication Services|Internet Content & Information|40.57|0.9125593206454249|-0.025985628428167318|0.06288430380121302|0.22027637553256385|0.3071641237218572|0.1528959112852475|-0.557280829752917|0.05506471314344141|0.7859024081139213|1|101.0|153.0|130.0|89.0|103.0|62.0|97.86500000000001|97.00926179149646|6
S|77|51|-26|90|54|Bullish|KO|The Coca-Cola Company|Consumer Defensive|Beverages - Non-Alcoholic|86.83|-0.24269426408424496|-0.008196595078813651|0.047339601307239354|0.34853680500655004|0.28062134258301774|0.09494620429326872|-0.6613552863300849|0.13227216172260742|1.6941142945283825|1|23.0|27.0|107.0|98.0|70.0|90.0|97.99166666666666|85.81429845719445|8
S|78|22|-56|79|93|Bullish|NEM|Newmont Corporation|Basic Materials|Gold|114.66|1.6083575185659627|-0.10484812804946475|0.2328185748728131|0.30759720788909584|0.14009130613286502|0.030523322632607597|-1.4111239665735051|0.04146962970053126|0.7888074657475819|1|100.0|180.0|239.0|37.0|79.0|130.0|98.38166666666667|104.36678932723838|5
B|79|121|42|46|145|Bullish|DHR|Danaher Corporation|Healthcare|Diagnostics & Research|218.27|0.4034701779062973|0.05295589515889798|0.14618025083921027|0.03859754572389451|-0.046972549067159086|0.08705980525422596|0.42728495139921235|0.011712806932333985|0.2771739309508326|1|164.0|263.0|63.0|55.0|160.0|94.0|98.43999999999998|92.56776043130957|3
S|80|57|-23|66|86|Bullish|BBY|Best Buy Co., Inc.|Consumer Cyclical|Specialty Retail|86.46|0.7257769781341984|-0.03215660217813521|0.11908824085318814|0.20455926359639087|0.2991877924681057|0.20809998185041256|-1.4417141658643027|0.04606870271310478|0.6723841457737668|1|116.0|170.0|137.0|63.0|106.0|46.0|98.69833333333332|95.99179781135484|10
S|81|35|-46|103|84|Bullish|GILD|Gilead Sciences, Inc.|Healthcare|Drug Manufacturers - General|142.96|0.3254155952479606|-0.047912693973646836|0.05849780279571881|0.2897786003360656|0.1968080049609462|0.05519674101681593|-1.5450741454168397|0.07473290912307635|1.096149114630019|1|70.0|109.0|163.0|92.0|84.0|111.0|98.76|92.09780441866887|3
S|82|166|84|108|49|Bullish|HST|Host Hotels & Resorts, Inc.|Real Estate|REIT - Hotel & Motel|22.62|0.7067857257836667|0.03507572061443698|0.0027863460540371587|0.4692077858856063|0.3188856337663526|0.09514771732516625|1.6113019896978156|0.12443029780911534|1.6925453853723584|1|24.0|32.0|69.0|132.0|51.0|89.0|99.745|96.82033422182919|9
S|83|39|-44|132|73|Bullish|SLB|SLB N.V.|Energy|Oil & Gas Equipment & Services|50.44|0.7656033131132337|-0.12293511611677477|0.06897986710657267|0.49387503190255844|0.2753260363093222|0.0049723035348683275|-0.6320290298792106|0.08393140815468297|1.2843164568873575|1|51.0|87.0|262.0|86.0|48.0|156.0|100.31833333333331|97.96690483659975|1
N|84|173|89|174|44|Bullish|CAT|Caterpillar Inc.|Industrials|Farm & Heavy Construction Machinery|868.55|1.7354156415507|0.06709339434699291|-0.08218583154138981|0.769082999312025|0.4602993042750292|0.09086971205500527|2.4731113652482355|0.1056265602259932|1.6318670510565114|1|29.0|51.0|54.0|206.0|35.0|91.0|102.20833333333334|109.72489403634947|4
S|85|15|-70|100|66|Bullish|ABNB|Airbnb, Inc.|Consumer Cyclical|Travel Services|162.05|1.1022128784015084|-0.10932176637631852|0.13361317565241615|0.3464894229711659|0.2183294992292597|0.12697448755664587|-0.12249044666011874|0.07622982183135153|1.0075996771983302|1|80.0|106.0|244.0|58.0|71.0|70.0|102.30833333333334|103.35405625677944|10
S|86|63|-23|62|120|Bullish|PFE|Pfizer Inc.|Healthcare|Drug Manufacturers - General|27.26|0.2958448866797972|-0.041827793709222405|0.15330078848733608|0.1037382973748|0.1384837217060675|0.05504251425195994|-1.47662445281494|0.039130324050303755|0.5776522325084936|1|127.0|188.0|151.0|54.0|138.0|112.0|104.07|96.74185773567665|3
N|87|115|28|89|83|Bullish|PM|Philip Morris International Inc.|Consumer Defensive|Tobacco|190.42|-0.1598645626206481|0.052171839531921504|0.026636663438794006|0.28406787055525795|0.21880107236511193|0.08604156117155437|0.5452240349480569|0.07424169718602527|1.0400372796578443|1|78.0|111.0|64.0|114.0|89.0|95.0|104.94166666666666|92.76985463576514|8
N|88|168|80|4|202|Bullish|MSTR|Strategy Inc|Technology|Software - Application|166.65|3.1051782806595454|0.16701678178254498|0.7753275287516492|-0.5366843702386546|0.06038429700150627|0.22530144007247732|1.0770104951338102|0.1256805749972519|-0.5461275225764072|1|243.0|30.0|22.0|3.0|284.0|42.0|105.82666666666667|128.1050666847931|2
N|89|146|57|92|68|Bullish|EQIX|Equinix, Inc.|Real Estate|REIT - Specialty|1040.93|0.4880950114550966|0.004778103462009353|0.029463147789369648|0.34610170786495575|0.38305393470095783|0.05886726708460421|0.9264370596254299|0.09960401243773015|1.308864263542512|1|48.0|59.0|94.0|110.0|73.0|109.0|107.14|101.65544995272991|9
N|90|186|96|28|137|Bullish|GAP|The Gap, Inc.|Consumer Cyclical|Apparel Retail|23.72|1.2087422470245404|0.057512245977390686|0.29264302489895466|0.1366685818148181|-0.036987945808213185|0.02038673078790798|1.7828186901660683|0.022930118979160547|0.5108774122908657|1|137.0|230.0|57.0|31.0|129.0|139.0|107.18333333333334|109.42070231769137|10
N|91|232|141|128|101|Bullish|MCHP|Microchip Technology Incorporated|Technology|Semiconductors|81.8|2.203551562480516|0.10287180827044073|-0.037406088937382176|0.2605876022640441|0.2792889801431826|0.04387611344118647|1.6404242078943239|0.03815067449048641|0.7086724947658807|1|111.0|190.0|37.0|166.0|95.0|120.0|109.10666666666665|122.2382165810374|2
N|92|31|-61|67|154|Bullish|CRM|Salesforce, Inc.|Technology|Software - Application|228.16|0.44680124115635605|-0.11830655728483097|0.37208181273035|-0.06381632918577462|-0.09421810242771844|0.1442193544356427|-1.1226669637755353|0.014406483635647886|0.09160301193545091|1|183.0|255.0|256.0|19.0|188.0|65.0|109.23666666666668|103.19370782464499|2
S|93|87|-6|169|70|Bullish|LLY|Eli Lilly and Company|Healthcare|Drug Manufacturers - General|1145.21|0.28145143295235026|-0.003610692389202197|-0.056734013169543296|0.363744970936567|0.06514737575669094|0.06794322347747861|-0.3227849336047001|0.07426500633096374|1.0743739387704818|1|73.0|110.0|101.0|183.0|68.0|102.0|110.88999999999999|102.9220149400086|3
S|94|96|2|155|63|Bullish|CSX|CSX Corporation|Industrials|Railroads|47.4|0.43167328822338946|-0.04068002132401116|-0.023829030907827065|0.32439394840527536|0.3187889573728371|0.072286805345819|-0.07282851065146487|0.11032672763417177|1.4152616996780985|1|42.0|46.0|150.0|150.0|75.0|100.0|111.00833333333333|104.69943322701981|4
S|95|52|-43|48|176|Bullish|WDAY|Workday, Inc.|Technology|Software - Application|187.44|0.3634489311959552|-0.042647701989191544|0.3594429457651218|-0.2136264494041128|-0.08916854018561904|0.1941352088873649|-0.63713301649986|0.05137414226278177|-0.18271548659592388|1|217.0|159.0|154.0|22.0|233.0|53.0|111.14166666666665|104.0669319961337|2
S|96|110|14|111|115|Bullish|MDB|MongoDB, Inc.|Technology|Software - Infrastructure|364.87|1.7453883867355395|-0.01049517366400965|0.015219828036755922|0.13338305936428863|-0.08702613393631864|0.06587543780202676|-0.4509924837470587|0.016231458486047335|0.5321250253294817|1|136.0|249.0|111.0|117.0|130.0|105.0|111.18166666666666|119.46901898179017|2
N|97|272|175|32|149|Bullish|GME|GameStop Corp.|Consumer Cyclical|Specialty Retail|24.75|0.5734845931160788|0.29175366373204414|0.14055295529157386|-0.011976017812276418|0.2002909307796199|0.11051746120901118|1.0197934952628043|0.0029916273049437015|0.1597104326819282|1|178.0|283.0|8.0|57.0|174.0|81.0|111.89333333333335|107.12091027390684|10
S|98|19|-79|143|76|Bullish|BMY|Bristol-Myers Squibb Company|Healthcare|Drug Manufacturers - General|59.06|0.22463749893186422|-0.10697890073593286|0.037046695695782894|0.3665922422256225|0.14043169007579537|0.014939994619971753|-2.0808804176580793|0.08774374391901875|1.2890203010123655|1|50.0|78.0|243.0|107.0|67.0|144.0|112.60499999999999|103.87403055672225|3
N|99|126|27|37|190|Bullish|SAP|SAP SE|Technology|Software - Application|212.14|0.69853958939481|-0.013806892296613471|0.34760514844072365|-0.2131115201098841|-0.08902676855625091|0.10748747821475768|0.5520402000633923|0.06770412001794453|-0.42189505649758147|1|234.0|131.0|114.0|24.0|232.0|83.0|113.18666666666667|109.77453676583006|2
N|100|224|124|95|114|Bullish|TT|Trane Technologies plc|Industrials|Building Products & Equipment|476.35|1.0880002072814619|0.06351865704666837|0.010980849247818947|0.12934993326946076|0.2053114814354362|0.06619531432089354|2.0083852921849403|0.036028142263540675|0.5685254688004826|1|129.0|196.0|56.0|125.0|133.0|104.0|113.20833333333331|114.20456901326554|4
S|101|154|53|152|60|Bullish|CROX|Crocs, Inc.|Consumer Cyclical|Footwear & Accessories|117.84|0.952803519687322|0.0026376348500203317|-0.03756944094808867|0.4613095348699474|0.3552616921901146|0.10393825899344922|-0.16190859441810548|0.07140662921991373|1.0735286747416328|1|74.0|119.0|96.0|167.0|52.0|84.0|114.10333333333332|113.56480576080557|10
N|102|82|-20|47|181|Bullish|NOW|ServiceNow, Inc.|Technology|Software - Application|138.01|0.6516149393129188|-0.02300718273551028|0.28047876751794787|-0.2440624580017211|-0.06402168290010757|0.19416441982107324|0.5025200602116983|0.05692960899849318|-0.19806491416094182|1|218.0|147.0|125.0|32.0|244.0|52.0|114.16166666666666|110.18444474968616|2
S|103|102|-1|107|81|Bullish|GM|General Motors Company|Consumer Cyclical|Auto Manufacturers|81.55|1.1231827993036254|-0.07076118943787901|0.071860570664398|0.41353439020566474|0.013703217120623501|0.014596756740556494|-0.38537619496154896|0.07758330892326341|1.153131652287812|1|67.0|100.0|199.0|83.0|57.0|145.0|115.17333333333335|116.5920706938463|10
N|104|180|76|147|75|Bullish|GOOGL|Alphabet Inc.|Communication Services|Internet Content & Information|347.27|1.351084423086659|0.026029689674831546|-0.0398618401274341|0.3903011806818355|0.10406332915647298|0.024388715705918607|0.6360317938271046|0.08141595173495252|1.2002752430047758|1|59.0|91.0|77.0|170.0|62.0|134.0|116.465|120.55390473347877|6
S|105|40|-65|163|88|Bullish|OKE|ONEOK, Inc.|Energy|Oil & Gas Midstream|88.77|-0.42026274619381887|-0.06978937738528512|-0.014606995396323708|0.28679705548519885|0.23957506595648304|0.03766118970287047|-0.6957043173030233|0.07189864407974209|1.0719018468650159|1|75.0|115.0|196.0|145.0|88.0|126.0|116.50833333333333|99.96108878788684|1
S|106|14|-92|118|110|Bearish|REGN|Regeneron Pharmaceuticals, Inc.|Healthcare|Biotechnology|728.88|0.4713533839748889|-0.11941233050008837|0.10084947039346304|0.25131095323163755|-0.05746398768559624|-0.007469552213994035|-1.659350966346243|0.05492422772118762|0.84878771741665|2|95.0|154.0|259.0|70.0|97.0|163.0|117.17499999999998|110.98058327672574|3
N|107|130|23|129|108|Bullish|KMI|Kinder Morgan, Inc.|Energy|Oil & Gas Midstream|31.67|-0.11010712620666731|0.00859873836783076|-0.015824562360190475|0.17948950260654506|0.17555368977723163|0.017757313603559144|1.3545398678883154|0.062391985550713125|0.9000776138394115|1|89.0|138.0|89.0|147.0|114.0|142.0|117.22333333333334|104.21028756423004|1
N|108|75|-33|82|127|Bullish|V|Visa Inc.|Financial Services|Credit Services|369.88|0.297421214442942|-0.013837436272883363|0.06628826226960638|0.06744776539911967|0.07394674033164828|0.09827807633661356|0.5443451270259319|0.02804997321813989|0.4052809671356901|1|149.0|215.0|115.0|87.0|148.0|88.0|117.51333333333334|109.25709583132384|7
N|109|212|103|122|126|Bullish|QCOM|QUALCOMM Incorporated|Technology|Semiconductors|180.16|2.1154428876198206|0.06767804987003267|-0.02904950850371546|0.09068798621296925|0.05779203660453058|0.0728133929509196|-0.8081278078188691|0.01414322851548569|0.42909814990776307|1|145.0|256.0|53.0|153.0|142.0|99.0|117.75166666666667|130.886192575538|2
N|110|196|86|142|80|Bullish|GOOG|Alphabet Inc.|Communication Services|Internet Content & Information|344.26|1.3332369708110279|0.02669172558698385|-0.039660156489763954|0.37234584680501426|0.09391615215607652|0.020240922417668283|0.7441411679900758|0.07969760643416628|1.172404115439347|1|61.0|93.0|76.0|169.0|64.0|141.0|118.11000000000001|122.04586186224907|6
S|111|69|-42|127|87|Bullish|KDP|Keurig Dr Pepper Inc.|Consumer Defensive|Beverages - Non-Alcoholic|31.09|0.06783388489174741|-0.03910916728249714|0.011153812106974748|0.26800329771902587|0.14738750630442787|0.07100606908122553|-0.004073376259734392|0.07158484229038715|1.012173765844283|1|79.0|117.0|147.0|124.0|93.0|101.0|118.91666666666666|107.83165794783768|8
S|112|16|-96|187|59|Bullish|JNJ|Johnson & Johnson|Healthcare|Drug Manufacturers - General|251.91|-0.18177973302149644|-0.0847291721667901|-0.03890505839511582|0.3689784538044911|0.23444334810352796|0.04881691005086575|-2.301595005907035|0.12554410939857644|1.744441974897016|1|21.0|31.0|212.0|168.0|65.0|117.0|120.39999999999999|106.17137201442118|3
S|113|93|-20|110|111|Bearish|LYB|LyondellBasell Industries N.V.|Basic Materials|Specialty Chemicals|59.03|-0.38043937341828044|-0.07068640468208442|0.07034052138493885|0.289024836349554|0.3740694186367213|-0.03472870466335365|-0.6796176374431669|0.043979120198565966|0.8055543000724903|2|99.0|174.0|198.0|84.0|86.0|186.0|120.64166666666667|103.98781599251963|5
N|114|236|122|126|138|Bullish|AVGO|Broadcom Inc.|Technology|Semiconductors|376.61|2.1750018060953646|0.054193363430958374|-0.029314365903870376|0.13091370026209193|0.08936668332983633|0.027184556205092525|2.3199168330667432|0.021714700000492495|0.49817825838969876|1|140.0|236.0|61.0|154.0|132.0|133.0|122.52166666666668|136.91798462858142|2
S|115|66|-49|160|103|Bullish|FANG|Diamondback Energy, Inc.|Energy|Oil & Gas E&P|184.64|-0.3712591888404579|-0.07318542882926138|-0.005054494147363475|0.2681918883540373|0.23272817773518084|0.006572433212102435|-0.8103444533196695|0.055629805382844004|0.8970241106461708|1|90.0|151.0|203.0|140.0|92.0|154.0|122.70333333333332|105.87752599986462|1
S|116|120|4|230|38|Bullish|HUT|Hut 8 Corp.|Financial Services|Capital Markets|91.03|4.437753581920267|-0.026885437149756997|-0.14211667631335811|1.1977306620995902|0.775502227174558|0.12705422592408722|-0.5035277368072223|0.0545458535314329|1.259054567797196|1|54.0|155.0|131.0|256.0|22.0|69.0|123.02333333333334|165.3157238159771|7
S|117|17|-100|167|96|Bullish|VRTX|Vertex Pharmaceuticals Incorporated|Healthcare|Biotechnology|497.27|0.49228380870098404|-0.08944919716170652|-0.0023272930859435936|0.23422687399633402|0.09983853013446287|0.04887243155166243|-2.1748110181788127|0.06066975388960897|0.8798136646825292|1|91.0|142.0|219.0|137.0|100.0|116.0|123.28|117.02087479366574|3
S|118|109|-9|153|99|Bullish|UNP|Union Pacific Corporation|Industrials|Railroads|276.11|0.23231352698639027|-0.04664731491249763|-0.012631398364653434|0.18752048103677232|0.20861382155552666|0.04938967906905645|-0.35840492334047813|0.06797783573172494|0.8748930717309804|1|92.0|129.0|162.0|143.0|110.0|115.0|124.33333333333331|114.7884315188641|4
N|119|72|-47|45|167|Bullish|ELF|e.l.f. Beauty, Inc.|Consumer Defensive|Household & Personal Products|104.06|1.7227504274705419|-0.051153444539163484|0.4033715152882671|-0.24768656383826038|0.33736027843515926|0.32515816682560605|1.2808585338495155|0.05821096265681065|-0.07006306720490571|1|199.0|146.0|166.0|16.0|246.0|29.0|124.46666666666665|133.46250032058333|8
S|120|159|39|99|113|Bullish|AMZN|Amazon.com, Inc.|Consumer Cyclical|Internet Retail|254.01|1.4362540680482438|-0.017407487507756003|0.042648407729483084|0.14988685839000637|0.12145695364238396|0.05105788792965216|0.8376991608757846|0.036086710843565246|0.5754237580090498|1|128.0|195.0|118.0|104.0|125.0|113.0|127.56833333333333|133.1335537704134|10
S|121|67|-54|114|117|Bearish|VZ|Verizon Communications Inc.|Communication Services|Telecom Services|45.51|-0.29259138885812574|-0.09234143290804098|0.09036075153187517|0.17323219097778875|0.17959310265455009|-0.0025641683331995013|-1.1582880869905554|0.05663523952083574|0.7638227314049224|2|103.0|149.0|226.0|77.0|116.0|159.0|128.07999999999998|111.52448949150511|6
N|122|170|48|68|178|Bearish|HCA|HCA Healthcare, Inc.|Healthcare|Medical Care Facilities|431.15|0.17448974243944704|0.06653074264400805|0.051959251249338756|0.0012666290150191717|-0.07852125599122617|-0.02899857431844466|0.5124438881366622|0.00035207138061797466|0.15914426905900675|2|179.0|288.0|55.0|95.0|170.0|177.0|128.54999999999998|117.93806563905908|3
S|123|152|29|101|155|Bullish|MMM|3M Company|Industrials|Conglomerates|161.8|0.7333569668541801|-0.04010439995553439|0.05047386477225113|0.05679965173740631|0.013976659762891197|0.014522010443744682|-1.233264393039971|0.01787355351985924|0.3409659559051888|1|155.0|247.0|149.0|96.0|151.0|146.0|128.92333333333332|125.48568246900635|4
S|124|91|-33|78|165|Bullish|MA|Mastercard Incorporated|Financial Services|Credit Services|564.76|0.2990788284096165|-0.024947810680904348|0.08819054437823604|-0.01819377696099367|0.007813591315990687|0.06325206119720317|0.10759440393814194|0.007321523539614283|0.030317283375480397|1|190.0|274.0|129.0|78.0|177.0|108.0|129.5983333333333|120.5145117697172|7
N|125|133|8|63|204|Bullish|SONY|Sony Group Corporation|Technology|Consumer Electronics|23.77|0.7478451565682142|-0.032166102732937074|0.12387708882860915|-0.21029901333046574|-0.08153010931952831|0.06445577470665809|0.5635857130914989|0.07697173344145322|-0.6612629850390758|1|253.0|104.0|138.0|60.0|230.0|106.0|129.75666666666666|126.48478946991028|2
S|126|48|-78|170|69|Bullish|WELL|Welltower Inc.|Real Estate|REIT - Healthcare Facilities|225.29|-0.014040550384928557|-0.046068502575683956|-0.033174465432362354|0.3127760161993687|0.21813221885351086|0.05616268892125853|-1.7861771086109344|0.09246453982959185|1.3154352022967912|1|47.0|70.0|160.0|161.0|77.0|110.0|129.81|116.64673961545324|9
S|127|206|79|149|104|Bearish|DD|DuPont de Nemours, Inc.|Basic Materials|Specialty Chemicals|131.8|1.1326452369101137|0.001595893821367378|-0.03351205927350187|0.3220468722999894|0.08831656471941596|-0.036591809647759654|1.2872410686551028|0.06853793619825274|1.0674644242640432|2|76.0|128.0|98.0|163.0|76.0|190.0|129.91166666666666|131.63488304690543|5
S|128|70|-58|105|142|Bearish|B|Barrick Mining Corporation|Basic Materials|Gold|39.79|1.633311550746293|-0.11083798882681561|0.1176026686064271|0.1937225863038179|-0.08237513365356819|-0.06123312594796648|-1.6448552550750022|0.02742051750822935|0.6129821519295392|2|119.0|218.0|245.0|64.0|107.0|204.0|130.19166666666666|138.43685529775777|5
S|129|18|-111|183|95|Bullish|CF|CF Industries Holdings, Inc.|Basic Materials|Agricultural Inputs|116.29|-0.9322179481691835|-0.12793404816399068|-0.0011179401159493452|0.2893408243362743|0.47251906249468667|0.03730897205401451|-0.8499578700157464|0.04663524146689088|0.8076495456264293|1|98.0|167.0|266.0|136.0|85.0|127.0|130.22666666666666|105.06403640030877|5
N|130|158|28|98|162|Bullish|ECL|Ecolab Inc.|Basic Materials|Specialty Chemicals|280.71|0.48669447558006645|0.007790591615236986|0.02676112823439114|0.014415434660050908|0.07744134095880661|0.029461918111447938|1.7848697036643502|0.005605395762518333|0.1750365295663092|1|175.0|279.0|91.0|113.0|167.0|132.0|132.24166666666667|125.45362886081674|5
S|131|222|91|109|128|Bullish|IRM|Iron Mountain Incorporated|Real Estate|REIT - Specialty|116.09|1.0989487641852893|0.0011297786686563782|0.013268890344878992|0.12810063247453907|0.42662434964106444|0.044413257545719675|1.3206147228375504|0.031546342381278424|0.5321795786144204|1|135.0|207.0|99.0|121.0|135.0|119.0|132.275|133.58384477826093|9
S|132|129|-3|50|198|Bullish|PYPL|PayPal Holdings, Inc.|Financial Services|Credit Services|54.41|1.1164460550938475|-0.010007261529013434|0.22489096063295055|-0.22826795650329124|-0.05590150362024826|0.0892285573666236|1.335485966075415|0.06872354753731413|-0.3663586176062397|1|231.0|127.0|109.0|41.0|237.0|92.0|132.83833333333334|134.38518332152418|7
S|133|106|-27|171|133|Bearish|BKR|Baker Hughes Company|Energy|Oil & Gas Equipment & Services|57.39|0.7176134931942005|-0.09622047244094489|0.00036685861963414723|0.18759942200570023|0.23062726518015797|-0.030206659383218426|-0.014019549567538387|0.04046563441142467|0.6862153961000282|2|114.0|183.0|230.0|135.0|109.0|179.0|134.49333333333334|130.69542307446653|1
S|134|194|60|146|100|Bullish|M|Macy's, Inc.|Consumer Cyclical|Department Stores|22.14|1.107011426931507|-0.031241961328917878|-0.016305203158606618|0.2528628068952192|0.0002023473924352981|0.04193852078125948|-0.14785114222327814|0.04341625826814391|0.7526312704490772|1|106.0|176.0|135.0|148.0|96.0|123.0|134.53833333333336|135.97804723603204|10
S|135|77|-58|190|79|Bullish|C|Citigroup Inc.|Financial Services|Banks - Diversified|129.28|1.3537666165471849|-0.06128377247962413|-0.054244902351345825|0.3464037613835558|0.10558072747980396|0.03238498898833608|-1.0153299992118388|0.079459011086649|1.1625418001749865|1|63.0|95.0|184.0|181.0|72.0|129.0|135.3383333333333|140.12615176058014|7
S|136|187|51|96|148|Bullish|DLR|Digital Realty Trust, Inc.|Real Estate|REIT - Specialty|183.15|0.8006943525118039|-0.0211483786207175|0.045977612284320735|0.06462129319149534|0.20556873490957273|0.02196128462411484|0.5132996354781684|0.019990322612066114|0.3654661034811869|1|152.0|243.0|122.0|101.0|149.0|137.0|137.1|134.36751957293683|9
S|137|107|-30|182|129|Bullish|WMB|The Williams Companies, Inc.|Energy|Oil & Gas Midstream|70.87|0.02870404872362286|-0.03729405570778899|-0.051618770675166736|0.1486061608160938|0.19028757027994736|0.00697602662414698|-0.041089491101939726|0.04501949965997034|0.6951492372805105|1|113.0|171.0|144.0|179.0|127.0|152.0|138.0533333333333|124.64426896064583|1
N|138|264|126|161|125|Bearish|RKLB|Rocket Lab Corporation|Industrials|Aerospace & Defense|76.21|3.6935080295060803|0.1859632347729412|-0.08566285068784929|0.3027350427350426|0.0028951459720378825|-0.06620068721371875|1.618450874850441|0.020467617720928213|0.7376044170460452|2|109.0|241.0|20.0|210.0|83.0|208.0|138.2783333333333|175.52371344733845|4
N|139|231|92|197|102|Bearish|LUV|Southwest Airlines Co.|Industrials|Airlines|42.66|1.5614658456308275|0.07672895381298828|-0.11919827095097935|0.33276053516058224|0.04680198227588783|-0.011901938094385|1.1917174853061416|0.051246160613826065|0.8686848528673565|2|93.0|160.0|47.0|244.0|74.0|166.0|139.39833333333334|147.22507364378615|4
S|140|101|-39|71|186|Bearish|T|AT&T Inc.|Communication Services|Telecom Services|24.11|-0.330753124720248|-0.06113708280834207|0.15685737000804534|-0.02408562203253506|0.01701929592366258|-0.027629409155177975|-1.4650787449521827|0.008182154507896154|0.02563101598788734|2|192.0|271.0|182.0|52.0|179.0|176.0|139.70499999999998|121.11371347109576|6
S|141|89|-52|210|78|Bearish|FDX|FedEx Corporation|Industrials|Integrated Freight & Logistics|288.24|0.8946021910761744|-0.10277949605628722|-0.06582019034619857|0.472593157801231|0.23467258173552774|-0.031492101158134056|-0.7846151123938582|0.09913244971654682|1.489829803311542|2|36.0|60.0|235.0|192.0|50.0|181.0|140.01833333333332|138.54257077908338|4
S|142|172|30|139|140|Bearish|DOW|Dow Inc.|Basic Materials|Chemicals|28.48|-0.07464152725893283|-0.0326087132011782|-0.007561057864414078|0.2760737900916992|0.21335704402133437|-0.09517145684705008|-0.1826053124182274|0.03961732703113884|0.7720766224194575|2|102.0|185.0|139.0|142.0|90.0|228.0|140.34666666666666|125.26443104542996|5
S|143|141|-2|80|184|Bullish|BLK|BlackRock, Inc.|Financial Services|Asset Management|1076.08|1.1962290934042525|-0.03625425993182363|0.0921523848674175|-0.068002767473057|0.00801118969655068|0.023721579253205727|0.7763004671395196|0.02319681303982005|-0.12278247584413114|1|204.0|229.0|140.0|76.0|193.0|135.0|140.63333333333333|143.39296848357512|7
S|144|160|16|77|188|Bullish|DIS|The Walt Disney Company|Communication Services|Entertainment|103.83|0.6567385694517727|-0.014053723225758263|0.07373322933581972|-0.0657784733325284|-0.06459015832305937|0.005532673504429875|-0.5699272195826424|0.02227013395947272|-0.11957206959053716|1|203.0|235.0|117.0|82.0|191.0|155.0|140.85999999999999|136.02481948929764|6
S|145|118|-27|281|41|Bullish|WDC|Western Digital Corporation|Technology|Computer Hardware|411.85|2.8940126804258646|-0.11867918716175785|-0.2513498058740814|2.2935695349656053|1.1965202843440141|0.023495610860240657|-1.5873182486229083|0.07937838296192425|1.8853472095698902|1|14.0|96.0|257.0|283.0|9.0|136.0|141.07666666666665|167.7967662245546|2
N|146|219|73|42|189|Bullish|CEG|Constellation Energy Corporation|Utilities|Utilities - Independent Power Producers|300.19|1.3564585569577847|0.0041142914773821815|0.22955772175551825|-0.17091982177090403|-0.17673151404472287|0.048222646272486624|2.526123385838333|0.03501560670334016|-0.14532292878456182|1|207.0|199.0|95.0|39.0|223.0|118.0|141.23166666666668|146.26599027634097|11
S|147|73|-74|164|156|Bullish|XYZ|Block, Inc.|Technology|Software - Infrastructure|76.06|1.864824860133762|-0.08095700777292947|-0.006401084679598323|-0.02211363854835513|0.1674596810222242|0.08262796043802911|-0.210616201579668|0.004644021637826946|0.18349396640455382|1|174.0|280.0|207.0|141.0|178.0|97.0|141.50166666666667|153.7390825750361|2
S|148|122|-26|165|132|Bullish|LYV|Live Nation Entertainment, Inc.|Communication Services|Entertainment|172.37|0.6511861169412185|-0.006512968299711819|-0.05364005392768045|0.10536101899041106|0.18622257859783375|0.05015051686124572|1.6345926952342096|0.02877414818827056|0.4791597743740219|1|142.0|213.0|104.0|180.0|137.0|114.0|141.725|136.7814352423494|6
S|149|68|-81|154|139|Bullish|JPM|JPMorgan Chase & Co.|Financial Services|Banks - Diversified|332.55|0.7903481289543963|-0.07274708226301141|0.0058375322464341295|0.09086040638635451|0.03623015666980667|0.038002245097166876|-1.1675621786441284|0.03245113534121017|0.50064921297889|1|139.0|205.0|201.0|130.0|141.0|125.0|143.77833333333336|140.76399367341818|7
B|150|151|1|156|131|Bullish|MO|Altria Group, Inc.|Consumer Defensive|Tobacco|68.29|-0.4883335830930709|0.007268804590969902|-0.047099608669088355|0.11532068326469513|0.24931408160921054|0.04189843463741583|-0.24332991858878136|0.038111117415979695|0.5531643952666696|1|132.0|191.0|92.0|175.0|136.0|124.0|145.56666666666666|123.9014908087752|8
S|151|84|-67|214|109|Bearish|HAL|Halliburton Company|Energy|Oil & Gas Equipment & Services|32.65|0.24565303320135484|-0.11923387459432189|-0.062009541440123606|0.3674506699732156|0.11826555594439547|-0.07277065289829887|-0.5753810851295489|0.06159825660026157|1.0638095951905937|2|77.0|140.0|258.0|189.0|66.0|215.0|146.20833333333334|135.17915205626483|1
S|152|203|51|200|121|Bullish|UAL|United Airlines Holdings, Inc.|Industrials|Airlines|112.68|2.1709117529537334|0.011671779301845264|-0.10727302400376015|0.1608117889590157|-0.0029201144145865054|0.03260168709054323|0.8151661108701074|0.024738786347805564|0.5484912272207804|1|133.0|226.0|87.0|233.0|122.0|128.0|148.03833333333333|165.3723157721016|4
S|153|148|-5|196|92|Bullish|MNST|Monster Beverage Corporation|Consumer Defensive|Beverages - Non-Alcoholic|43.21|0.22520412864539635|-0.013920577340767681|-0.09174988319369093|0.2881205055483407|0.13471633199244604|0.017751170791231452|-0.1366457053078607|0.08114006826774504|1.0826949269767503|1|72.0|92.0|116.0|218.0|87.0|143.0|148.49166666666667|136.98659364027694|8
N|154|176|22|117|168|Bullish|PG|The Procter & Gamble Company|Consumer Defensive|Household & Personal Products|147.68|-0.026015895646456774|0.008467614981704896|0.00257704812948778|0.010722525113357584|0.06472310848092566|0.009819283594039163|0.8901361323263334|0.004273050600862608|0.1529406221863129|1|180.0|282.0|90.0|133.0|168.0|151.0|149.07666666666665|133.78116369966781|8
S|155|59|-96|194|98|Bullish|USB|U.S. Bancorp|Financial Services|Banks - Regional|57.41|0.7307989317575914|-0.08555750282860264|-0.05002915366505112|0.24933896059478067|0.09489392257942297|0.013144278752999172|-1.0195036370166435|0.07818203479648955|1.10722952147372|1|68.0|99.0|214.0|177.0|98.0|147.0|149.1583333333333|145.14297506627426|7
B|156|165|9|40|234|Bullish|COIN|Coinbase Global, Inc.|Financial Services|Financial Data & Stock Exchanges|190.29|2.8759939332317157|0.030600090061895457|0.19408885084830563|-0.5071101189163449|-0.19549316796151017|0.029610293358395046|0.33680591750677974|0.10934743160320023|-0.6273087720402954|1|248.0|47.0|74.0|42.0|278.0|131.0|150.15833333333336|178.32794556908527|7
N|157|145|-12|177|144|Bullish|AFRM|Affirm Holdings, Inc.|Financial Services|Credit Services|74.83|2.5411617233866393|0.03427783798455741|-0.07935530113393385|-0.013577650963148225|0.010806446493240474|0.12014040978752494|1.9040532186580694|0.0021095560349359524|0.2718501034611422|1|165.0|285.0|70.0|204.0|175.0|74.0|151.25333333333333|174.56391812013072|7
S|158|60|-98|173|122|Bullish|EXPE|Expedia Group, Inc.|Consumer Cyclical|Travel Services|262.13|0.9942875362934614|-0.12048720814443736|0.008443362705206958|0.17980628568822743|-0.0682266913910825|0.011666373150189147|-0.9636727797667245|0.028163053829012408|0.5791148306451943|1|126.0|214.0|260.0|127.0|113.0|149.0|152.33833333333334|152.2513106133052|10
S|159|179|20|124|172|Bullish|MDLZ|Mondelez International, Inc.|Consumer Defensive|Confectioners|59.33|-0.22001080679903395|-0.023258995821549|0.006299350987855945|-0.005512456060771331|0.1347430263260614|0.011836812146083897|-0.5941912537361785|0.0020394893975886285|0.09111763239708599|1|184.0|286.0|126.0|129.0|173.0|148.0|152.7116666666667|134.08067830090417|8
B|160|54|-106|145|166|Bullish|HOOD|Robinhood Markets, Inc.|Financial Services|Capital Markets|114.26|3.141916939464807|-0.06428630391543944|0.006430029318702513|-0.2079578237153915|-0.008245804114416333|0.2117750905796878|-0.22438173839244188|0.03469290035591694|0.02836885693262931|1|191.0|200.0|188.0|128.0|227.0|45.0|152.94333333333333|185.70252497782124|7
S|161|185|24|185|112|Bullish|EBAY|eBay Inc.|Consumer Cyclical|Internet Retail|105.19|0.7127107406006186|0.017212999466731826|-0.08451350803462276|0.16084282083654156|0.21934321468978357|0.04352663976242144|-1.0778128953215331|0.03666274973329673|0.6029802486335035|1|124.0|192.0|84.0|208.0|121.0|121.0|153.45833333333334|149.04964024013367|10
S|162|153|-9|186|107|Bullish|SPG|Simon Property Group, Inc.|Real Estate|REIT - Retail|202.34|0.2541157242405448|-0.023530586147291088|-0.06653995042027883|0.1816382024950951|0.13682392045034186|0.010245878186916801|-0.8826921017349622|0.07046268088768537|0.989264128838728|1|82.0|123.0|127.0|193.0|112.0|150.0|154.33|142.81876797220434|9
N|163|208|45|175|157|Bullish|LIN|Linde plc|Basic Materials|Specialty Chemicals|487.52|0.08680184266745714|0.020834626386045718|-0.0730466122190544|0.05460152308357946|0.14730574475361702|0.0069678596775111235|2.3837709926787265|0.022654542150777616|0.3745538360289826|1|151.0|231.0|79.0|198.0|153.0|153.0|154.57166666666666|140.45621054908466|5
S|164|112|-52|222|134|Bullish|UNH|UnitedHealth Group Incorporated|Healthcare|Healthcare Plans|376.55|0.429004348182752|-0.0460074086255724|-0.10980111267011394|0.07750532539790167|0.14148285202563682|0.0665111765666273|0.046364564014617506|0.02163933770728343|0.3963338858100242|1|150.0|237.0|159.0|234.0|144.0|103.0|155.39999999999998|146.52672757075996|3
N|165|281|116|71|196|Bearish|CCL|Carnival Corporation Ltd.|Consumer Cyclical|Travel Services|26.34|2.037919395471192|0.12037429789734899|0.03268156442544723|-0.07998367257422179|-0.13443483885525176|-0.03256773797932244|2.04923922548545|0.014738733642843454|0.07482459679845303|2|186.0|254.0|30.0|109.0|197.0|184.0|156.60833333333335|172.86301599924178|10
S|166|223|57|61|246|Bearish|ADSK|Autodesk, Inc.|Technology|Software - Application|222.61|0.5000581250087143|0.02161544853348274|0.0804213126276705|-0.3117212223940131|-0.22362504282603846|-0.0656545453615176|1.065462600849724|0.09212688507598307|-0.7822113552426623|2|262.0|72.0|78.0|80.0|255.0|206.0|156.93166666666667|149.0859954987826|2
S|167|140|-27|179|136|Bearish|CL|Colgate-Palmolive Company|Consumer Defensive|Household & Personal Products|86.82|-0.11406439402371084|-0.021966843717558304|-0.0615034028495165|0.14901302582244136|0.13783488758606244|-0.012421761484409322|0.2713405926816969|0.04645176705966848|0.7307856641490995|2|110.0|168.0|123.0|186.0|126.0|167.0|157.3516666666667|139.8216777493046|8
S|168|111|-57|134|193|Bearish|BNTX|BioNTech SE|Healthcare|Biotechnology|96.18|0.9011469823277019|-0.07305321877575122|0.02833316855863921|-0.08539371766249748|-0.005274614008985101|-0.016065910125728444|-1.2361461444456012|0.020358203805575344|0.030322335158312376|2|189.0|242.0|202.0|112.0|202.0|170.0|157.42499999999998|155.86880636929382|3
S|169|128|-41|138|173|Bearish|PAAS|Pan American Silver Corp.|Basic Materials|Gold|44.9|1.8759122519579434|-0.12543825737139724|0.05765772290621962|0.13221071610856128|-0.11202206722482533|-0.14395777065440896|-1.343788532873797|0.014917683379869444|0.5070400853657131|2|138.0|253.0|263.0|94.0|131.0|252.0|157.64166666666665|171.449693391907|5
S|170|250|80|144|180|Bearish|HON|Honeywell International Inc.|Industrials|Conglomerates|211.5|0.7038181233287909|0.009016742446185999|-0.037327019629387115|0.0438205608084723|0.04345383068600395|-0.07641383101402832|0.6276111316099198|0.012508560388286186|0.2934360341449593|2|160.0|260.0|88.0|165.0|155.0|220.0|157.8983333333333|153.22167086434104|4
S|171|221|50|130|175|Bearish|COST|Costco Wholesale Corporation|Consumer Defensive|Discount Stores|927.9|-0.10524669791007994|0.01327888909002728|-0.02492284636046549|0.024561333514306893|0.09069087166445366|-0.0335451384628801|1.6010775539656792|0.009738388754764675|0.22161002444832223|2|171.0|268.0|85.0|151.0|163.0|185.0|158.81666666666666|141.26350702602474|8
N|172|285|113|97|185|Bullish|TLN|Talen Energy Corporation|Utilities|Utilities - Independent Power Producers|366.88|1.9548879721161094|0.15735015772870664|-0.0027182909360106144|-0.14764304011604945|-0.07524011332572667|0.04315437052622606|3.0541691067766616|0.025631404770977338|-0.001342662266992025|1|193.0|223.0|24.0|138.0|216.0|122.0|160.09166666666667|175.3786273602688|11
S|173|108|-65|189|159|Bearish|APD|Air Products and Chemicals, Inc.|Basic Materials|Specialty Chemicals|279.89|0.143229763252733|-0.06488284163419844|-0.05063952037990016|0.06046227068057597|0.13885944129372052|-0.008937934705142148|-0.4977704615895543|0.020519584075317874|0.353348375745545|2|153.0|240.0|189.0|178.0|150.0|164.0|161.77666666666667|147.9161233666483|5
N|174|271|97|94|191|Bearish|RCL|Royal Caribbean Cruises Ltd.|Consumer Cyclical|Travel Services|282.16|1.580363161305518|0.07031452189192633|0.010274811932883932|-0.09295020536555076|0.012597467427257758|-0.006496066917331511|1.9303072075420087|0.018654903173254026|0.03053156008947328|2|188.0|244.0|52.0|126.0|206.0|162.0|162.11333333333334|171.52179399564417|10
N|175|273|98|102|217|Bearish|CRWV|CoreWeave, Inc.|Technology|Software - Infrastructure|91.06|3.2590652608488737|0.019024164928793663|0.011777777777777887|-0.31968624693541736|0.14800807299980168|-0.015577768512379575|1.187110398729147|0.04078945345618341|0.05267018052149391|2|187.0|182.0|80.0|122.0|258.0|169.0|162.44666666666666|199.144428807403|2
S|176|162|-14|140|215|Bearish|EQT|EQT Corporation|Energy|Oil & Gas E&P|51.57|0.16121228777121716|-0.0652528237887765|0.01117578988302581|-0.08763923258326878|-0.02686563322169344|-0.06633905920188066|0.15680729194882248|0.024765375339859022|-0.14767001274390337|2|208.0|225.0|190.0|123.0|204.0|209.0|162.85833333333332|149.19797644992738|1
N|177|277|100|112|225|Bullish|IONQ|IonQ, Inc.|Technology|Computer Hardware|44.3|3.5201835956058574|0.12095140401996884|-0.017302613118293286|-0.43916949996122046|-0.052811640658294245|0.020311850841017165|0.9738055621775942|0.06607825771526156|-0.16942294283893164|1|213.0|133.0|29.0|149.0|272.0|140.0|163.26166666666668|204.4066040791272|2
N|178|263|85|87|205|Bullish|VST|Vistra Corp.|Utilities|Utilities - Independent Power Producers|157.5|1.4757705622116748|0.05665060863321569|0.018976385764823078|-0.2095458077191873|-0.0425808110447814|0.02067575626904672|3.0047097747449576|0.04307560798796657|-0.2315250300796675|1|224.0|177.0|59.0|115.0|229.0|138.0|164.62166666666667|172.45388095688895|11
S|179|163|-16|276|97|Bearish|VRT|Vertiv Holdings Co|Industrials|Electrical Equipment & Parts|252.68|2.686228268571935|-0.09905555010286005|-0.20473887680923475|0.553741153051367|0.4398648445020519|-0.048226414673054885|0.6715859170118419|0.047899290510792655|0.998827607395635|2|81.0|164.0|232.0|276.0|46.0|196.0|164.9633333333333|192.77991692778545|4
S|180|50|-130|188|158|Bullish|SCHW|The Charles Schwab Corporation|Financial Services|Capital Markets|98.05|0.4684974323526994|-0.10284564755576309|-0.03307852187131932|0.05641699521778398|-0.025085793084028363|0.001603411425813217|-0.9854299339386081|0.018533268917440626|0.34617162859541734|1|154.0|245.0|236.0|160.0|152.0|157.0|165.7183333333333|156.9103613660435|7
N|181|255|74|120|223|Bearish|ISRG|Intuitive Surgical, Inc.|Healthcare|Medical Instruments & Supplies|402.69|0.9313813355842161|0.09814558656913697|-0.029896424767627883|-0.10451644952353656|-0.2834442257816471|-0.09650850225006102|0.6221377750630916|0.026624371820681995|-0.1152131598468414|2|202.0|221.0|39.0|155.0|208.0|229.0|166.04|164.90065569604033|3
S|182|199|17|157|192|Bearish|AIG|American International Group, Inc.|Financial Services|Insurance - Diversified|75.78|0.04727078903415957|0.0009445643030927542|-0.04192439326889852|-0.06472255668061422|-0.08340032270879749|-0.004209478918981602|1.0320773253989084|0.025254787117972723|-0.1578196153080896|2|212.0|224.0|100.0|172.0|189.0|161.0|167.25333333333333|151.318619703526|7
S|183|76|-107|201|143|Bullish|ETSY|Etsy, Inc.|Consumer Cyclical|Internet Retail|71.67|1.088766521927654|-0.06325973076843683|-0.0716320876534452|0.0238571428571428|0.25122209370409787|0.08823395284424618|-0.17121905996922743|0.004420206845648191|0.29665674433781025|1|159.0|281.0|185.0|197.0|164.0|93.0|168.92833333333334|170.42785139383687|10
S|184|207|23|162|194|Bearish|LMT|Lockheed Martin Corporation|Industrials|Aerospace & Defense|505.89|0.019718490836899128|-0.03691369977044423|-0.03587577090082117|0.009182328714058885|0.036175015467301286|-0.09228715941636301|-1.4300568350887664|0.0025297865334466116|0.17177892683941232|2|176.0|284.0|143.0|164.0|169.0|226.0|169.00333333333333|152.43624906797388|4
S|185|134|-51|203|164|Bearish|RTX|RTX Corporation|Industrials|Aerospace & Defense|182.65|0.33859724043353884|-0.09034311416248053|-0.059787835189868965|0.09811042980804863|-0.013984895789315277|-0.05793611184235248|-1.6477541844434307|0.028896563882841435|0.48934230975646914|2|141.0|212.0|222.0|185.0|140.0|202.0|169.24333333333334|158.04953256284404|4
S|186|181|-5|168|195|Bearish|SHW|The Sherwin-Williams Company|Basic Materials|Specialty Chemicals|318.85|0.8178547933751195|-0.044529656994337974|-0.0332245379651358|-0.04462742206382364|-0.020485208760367857|-0.039210991741249535|-0.9981014521140186|0.013937152225994856|-0.0323775193435431|2|195.0|257.0|156.0|162.0|184.0|191.0|169.94166666666663|166.84626066774896|5
S|187|98|-89|150|200|Bearish|COF|Capital One Financial Corporation|Financial Services|Credit Services|196.75|1.3339007729182424|-0.10405284821688265|0.02862620387371151|-0.06566249105549671|-0.1971481348627413|-0.03545370413687432|-0.7191150256297549|0.018091285498528|-0.05220689666275123|2|197.0|246.0|238.0|111.0|190.0|188.0|170.37833333333333|176.06727905218554|7
S|188|136|-52|125|243|Bearish|ABT|Abbott Laboratories|Healthcare|Medical Devices|99.18|0.04511027190362964|-0.08446415283297515|0.04945772225327616|-0.2412710173898579|-0.1865432747304443|-0.03611578044361996|-1.0677699756485166|0.10033356532318889|-0.886398344896718|2|272.0|57.0|211.0|97.0|242.0|189.0|170.57|154.2824459078602|3
S|189|161|-28|184|151|Bearish|ED|Consolidated Edison, Inc.|Utilities|Utilities - Regulated Electric|104.31|-0.45731297963756773|-0.027775197036987498|-0.06177617547321146|0.084965865379236|0.06890217238851104|-0.021570131075285937|-0.07649865016233777|0.035315582027420384|0.5667836121916732|2|130.0|198.0|133.0|187.0|143.0|171.0|172.06166666666667|146.98689665352606|11
S|190|197|7|198|170|Bearish|PPG|PPG Industries, Inc.|Basic Materials|Specialty Chemicals|105.8|1.0419228917318424|-0.05980626368348507|-0.06844567785111733|0.04877116263374215|0.032754436308964685|-0.046508168314994935|0.05690985206527441|0.012446589528238437|0.30848164652461707|2|156.0|261.0|181.0|196.0|154.0|194.0|173.23666666666668|173.96292486873187|5
S|191|88|-103|257|106|Bearish|MS|Morgan Stanley|Financial Services|Capital Markets|192.18|1.4010804956186256|-0.11730663732090085|-0.11387217343657252|0.2431944489959652|0.07392716328641091|-0.002595432275267928|-0.8870477459127912|0.05928687042604046|0.9091318324299319|2|87.0|144.0|254.0|238.0|99.0|160.0|173.35333333333335|180.30619741838078|7
S|192|119|-73|193|169|Bearish|WFC|Wells Fargo & Company|Financial Services|Banks - Diversified|81.67|0.7608631051755467|-0.09225298552950556|-0.03998499081162521|0.034216660832804946|-0.12799900227770356|-0.027206649326412258|-0.7528019369580365|0.010062815167505405|0.25949736879919144|2|166.0|266.0|225.0|171.0|161.0|174.0|173.87833333333333|169.72026086227487|7
S|193|58|-135|219|146|Bearish|BAC|Bank of America Corporation|Financial Services|Banks - Diversified|54.31|0.7315641984309437|-0.1335354222148054|-0.06368621285994402|0.10076732936222177|-0.013746094343156878|-0.009252138293022738|-0.9883759841298229|0.03457839805452386|0.5452537411147161|2|134.0|201.0|271.0|190.0|139.0|165.0|175.29833333333335|170.59269847112805|7
S|194|95|-99|234|124|Bearish|PNC|The PNC Financial Services Group, Inc.|Financial Services|Banks - Regional|220.58|0.5937364094157419|-0.10187298648913778|-0.09812763389197154|0.1646989219554531|0.06765473552855994|-0.024504929211430437|-1.050187616953233|0.05528308689095442|0.8079251866030992|2|97.0|152.0|233.0|222.0|119.0|172.0|175.36833333333334|168.24375645585565|7
S|195|217|22|176|183|Bearish|EXR|Extra Space Storage Inc.|Real Estate|REIT - Industrial|134.58|0.36992669206621304|-0.02217325950787996|-0.05436233075100794|-0.004546117578171027|0.0631333271295973|-0.031028882558168158|-0.06868606834945272|0.001588729741565866|0.09333058436287169|2|182.0|287.0|124.0|182.0|172.0|180.0|175.835|164.75610598994626|9
S|196|169|-27|119|214|Bearish|TM|Toyota Motor Corporation|Consumer Cyclical|Auto Manufacturers|185.38|0.8906327414459032|-0.05950992123194965|0.04645784017539811|-0.0692840304409712|-0.14912560630348315|-0.07812765902890617|-0.9274324645067926|0.021176024775215643|-0.14024810344811753|2|206.0|238.0|180.0|100.0|194.0|221.0|176.29333333333335|174.36526147653032|10
S|197|97|-100|217|130|Bearish|SBUX|Starbucks Corporation|Consumer Cyclical|Restaurants|94.87|0.5549682046340566|-0.0918924199150929|-0.08140007068198651|0.18488602804970822|0.1503293815393365|-0.03193375055607517|-0.5801095261947057|0.048634244271620296|0.7628397598911243|2|105.0|163.0|224.0|205.0|111.0|182.0|176.36833333333334|168.5193817304301|10
S|198|139|-59|136|203|Bullish|MELI|MercadoLibre, Inc.|Consumer Cyclical|Internet Retail|1838.81|1.1315466669538594|-0.07053821669708105|0.01626523728446605|-0.1464149320833643|-0.068343696868303|0.0010610088093236936|0.5118452852686759|0.03610138900893353|-0.17545173930121785|1|215.0|194.0|197.0|116.0|215.0|158.0|176.57333333333332|178.89609668062658|10
N|199|244|45|123|208|Bearish|TSLA|Tesla, Inc.|Consumer Cyclical|Auto Manufacturers|381.5|2.2159278662935744|0.07744016738471626|-0.031873312785894115|-0.15830115830115832|-0.12913462774992235|-0.027276044914255282|1.526533304589942|0.03229726832694116|-0.15020555733661456|2|209.0|206.0|46.0|158.0|221.0|175.0|177.76833333333335|199.3836803577898|10
S|200|235|35|133|218|Bearish|KR|The Kroger Co.|Consumer Defensive|Grocery Stores|58.07|-0.6226205417098815|-0.008875237262905511|-0.014355348717710936|-0.08354496776992804|-0.06176600505175822|-0.07634853980630651|-0.8090577646172914|0.023382208801931495|-0.1561249879125933|2|211.0|228.0|108.0|144.0|201.0|219.0|178.04166666666669|149.152260105307|8
S|201|149|-52|121|252|Bearish|ADBE|Adobe Inc.|Technology|Software - Application|238.32|0.35733238160447167|-0.10577467536928897|0.07866387872971514|-0.31935799957257616|-0.2849684706618295|-0.07893845594176585|-0.7024298858182122|0.08739133772457203|-0.7424166022963001|2|257.0|79.0|241.0|81.0|257.0|222.0|178.15666666666667|166.7071145998714|2
S|202|233|31|177|187|Bearish|WMT|Walmart Inc.|Consumer Defensive|Discount Stores|105.84|-0.04866380637732673|-0.012133651269873313|-0.06195060896603233|0.03925148688591795|-0.05539199774263592|-0.10144756027044532|-0.6112111760426655|0.011553076423668015|0.27889239616202666|2|163.0|264.0|112.0|188.0|158.0|232.0|179.83666666666664|160.97784632737893|8
S|203|220|17|151|210|Bearish|AMT|American Tower Corporation|Real Estate|REIT - Specialty|163.64|-0.06473329424847928|-0.05937311018329772|0.002237309341891036|-0.08229913510656806|-0.0351450164490229|-0.054891436510357106|-1.0880488749867985|0.027132401022497823|-0.1988608460610776|2|219.0|219.0|178.0|134.0|199.0|198.0|180.17|160.98670023752516|9
S|204|190|-14|206|153|Bearish|PLD|Prologis, Inc.|Real Estate|REIT - Industrial|128.15|0.45130699603509644|-0.059505996540130224|-0.08391888164092776|0.12843257100705818|0.0162852357303509|-0.057776170892700485|-1.752905434672572|0.04364185905294132|0.6743854814026446|2|115.0|175.0|179.0|207.0|134.0|200.0|180.64000000000001|170.728409576378|9
S|205|92|-113|275|141|Bearish|CVS|CVS Health Corporation|Healthcare|Healthcare Plans|85.8|0.16088998388032225|-0.11308660435547435|-0.1736270247868298|0.15204689002038152|0.09578764010271157|-0.01411829076946125|-0.921336470057265|0.038557442755299966|0.6127004109366562|2|120.0|189.0|248.0|267.0|124.0|168.0|180.68499999999997|165.5235406737416|3
S|206|81|-125|245|118|Bearish|VTR|Ventas, Inc.|Real Estate|REIT - Healthcare Facilities|81.44|-0.21036040692884422|-0.09238722950287637|-0.1134055100485104|0.20500289439913444|0.07252652880819621|-0.04107471217459113|-2.0911645371989542|0.06688798931392755|0.9463053422819379|2|84.0|132.0|227.0|236.0|105.0|192.0|183.065|160.9075372105571|9
S|207|198|-9|113|264|Bearish|HUBS|HubSpot, Inc.|Technology|Software - Application|219.54|0.5725217426525524|-0.1133279701608102|0.10979674386617067|-0.5264349926999141|-0.42563379721679506|-0.10310997418086121|-0.13211854979573975|0.11158152560043239|-0.6463445195318992|2|251.0|45.0|249.0|68.0|281.0|235.0|185.51666666666665|177.58623252910925|2
S|208|202|-6|211|174|Bearish|PSA|Public Storage|Real Estate|REIT - Industrial|285.76|0.40946980510479625|-0.044098295589112046|-0.10000345243729392|0.023301931969613277|0.13890902182373543|-0.029950970202592075|-0.6853653572938587|0.00775907417148869|0.2150934016199221|2|172.0|273.0|155.0|223.0|165.0|178.0|187.965|176.86509919165232|9
S|209|143|-66|166|235|Bearish|SPOT|Spotify Technology S.A.|Communication Services|Internet Content & Information|487.14|0.33963784009977566|-0.10193019084921606|0.003956965447563077|-0.2839125374538791|-0.15280000000000005|-0.02468138627993166|-1.031420687277057|0.07483088238458735|-0.525991828097023|2|241.0|108.0|234.0|131.0|251.0|173.0|189.36499999999995|176.86005195904937|6
S|210|183|-27|261|160|Bearish|UPS|United Parcel Service, Inc.|Industrials|Integrated Freight & Logistics|93.1|0.7536108206144232|-0.08984261250634451|-0.13967270515290997|0.14540894612323552|-0.03464609236979188|-0.09083470616737654|-0.9880685238565131|0.03547476419904766|0.6047404204127642|2|123.0|197.0|220.0|255.0|128.0|225.0|189.45333333333332|184.78540820014712|4
S|211|209|-2|213|163|Bearish|AEP|American Electric Power Company, Inc.|Utilities|Utilities - Regulated Electric|120.56|-0.02818845101134686|-0.03164658634538153|-0.10612307412778776|0.07470195459644069|0.06491298054985406|-0.04118512497561022|0.11093018250928165|0.03037886914396795|0.4765334486397953|2|143.0|210.0|136.0|231.0|145.0|193.0|189.7266666666667|170.21918991511208|11
S|212|193|-19|218|161|Bearish|ETR|Entergy Corporation|Utilities|Utilities - Regulated Electric|101.74|0.19771156603186762|-0.051552128424755095|-0.10488587135932081|0.0696954512897976|0.1035865460290295|-0.03535070261640616|0.05288322595356515|0.02664434988365261|0.4349950823646489|2|144.0|220.0|167.0|227.0|147.0|187.0|191.29166666666666|175.94455749855126|11
B|213|266|53|135|270|Bearish|ORCL|Oracle Corporation|Technology|Software - Infrastructure|144.92|2.0222202971315046|-0.08729058373757892|0.03512108302862704|-0.4973361732739179|-0.2523743129757984|-0.10448043137381968|0.0933286691306862|0.11518509470382064|-0.9385974837317154|2|274.0|39.0|217.0|108.0|276.0|236.0|191.98166666666663|211.60642230104676|2
S|214|131|-83|267|147|Bearish|GS|The Goldman Sachs Group, Inc.|Financial Services|Capital Markets|901.59|1.5949778911940151|-0.13192631236371377|-0.12007535173395478|0.15379749968697864|0.0004895931584725233|-0.05343497655116913|-1.005308842879048|0.03401081802327698|0.6061273129941402|2|122.0|203.0|270.0|246.0|123.0|197.0|192.23333333333335|203.67079166171965|7
S|215|243|28|223|216|Bullish|HIMS|Hims & Hers Health, Inc.|Healthcare|Drug Manufacturers - Specialty & Generic|29.24|2.66984370780063|0.05521475879025495|-0.18935402696452686|-0.4660335848019559|-0.12481292626330598|0.06416662777147719|0.6024599626203013|0.0845537118741856|-0.2532145632328057|1|226.0|85.0|60.0|272.0|273.0|107.0|197.08|229.98927979333482|3
S|216|189|-27|263|179|Bearish|GE|GE Aerospace|Industrials|Aerospace & Defense|304.39|1.2300247248135636|-0.09571412304070293|-0.14374390639006418|0.026178995302062358|-0.04699143240722614|-0.05779735981640288|-1.7926925408170347|0.006159810746832057|0.24370675151094487|2|168.0|277.0|229.0|259.0|162.0|201.0|197.42833333333334|201.9696731378734|4
S|217|201|-16|204|197|Bearish|FE|FirstEnergy Corp.|Utilities|Utilities - Regulated Electric|43.91|-0.06407279810278345|-0.061150319216833005|-0.078060043170596|-0.015007118702720645|-0.0006402921032759856|-0.060768738741860395|-0.5134008362121281|0.0071583376950042415|-0.014095581697353804|2|194.0|275.0|183.0|201.0|176.0|203.0|198.02666666666667|176.95518773676994|11
S|218|164|-54|248|201|Bearish|GD|General Dynamics Corporation|Industrials|Aerospace & Defense|329.57|0.39516431301723154|-0.082973965421961|-0.11952658985975984|-0.03208016077758047|-0.027616300941342153|-0.06739122353751625|-1.2849282764059209|0.011853992482174898|-0.03535043243359491|2|196.0|262.0|209.0|245.0|180.0|210.0|198.8783333333333|186.84946199656784|4
S|219|276|57|192|207|Bearish|TJX|The TJX Companies, Inc.|Consumer Cyclical|Apparel Retail|136.25|0.1277257262721712|0.0315717603811001|-0.10543951657379547|-0.0363196486524493|-0.108664371101028|-0.1014069031655167|1.7586699754758077|0.013798694243034412|-0.07005093610761172|2|198.0|258.0|72.0|228.0|182.0|231.0|199.01333333333335|181.6539122537846|10
S|220|192|-28|236|171|Bearish|D|Dominion Energy, Inc.|Utilities|Utilities - Regulated Electric|61.27|-0.07197126005347326|-0.06941064082746018|-0.1140999458362888|0.03882968531115516|0.06642198979229375|-0.03218343421855829|-0.6353379776398962|0.01612127781818252|0.28877660062031885|2|162.0|250.0|195.0|239.0|159.0|183.0|200.57166666666666|179.07096044189745|11
S|221|195|-26|199|253|Bearish|UBER|Uber Technologies, Inc.|Technology|Software - Application|69.22|0.8697294838515961|-0.0863252633555941|-0.059510850066949006|-0.30849149795046715|-0.16461501942889845|-0.0724480772519156|-0.6010751413786205|0.09600200964848538|-0.8780154649341347|2|271.0|65.0|216.0|184.0|254.0|213.0|201.62666666666667|199.0000656730718|2
S|222|167|-55|159|262|Bearish|MOS|The Mosaic Company|Basic Materials|Agricultural Inputs|21.28|0.7404654213182406|-0.1698208762113732|0.03923151154394433|-0.37573348869053436|-0.12625496221394972|-0.11652520902026575|-1.420774726818623|0.09501636886112524|-0.8281763025622566|2|265.0|67.0|281.0|106.0|263.0|241.0|202.27166666666668|197.02201748790762|5
S|223|191|-32|215|211|Bearish|AXP|American Express Company|Financial Services|Credit Services|305.45|0.9644970898779641|-0.06349645397834935|-0.09197661434978399|-0.07010073659945326|-0.1756649417841868|-0.07574261818880945|-0.658745025918371|0.022569204840009096|-0.13803875908196464|2|205.0|232.0|186.0|219.0|195.0|218.0|202.7333333333333|202.01357100212587|7
S|224|213|-11|209|209|Bearish|DUK|Duke Energy Corporation|Utilities|Utilities - Regulated Electric|114.28|-0.2858826825742001|-0.04940942572274898|-0.09074238101302567|-0.04895730630854567|-0.0014361461532056419|-0.06609798761873509|-0.7229100971615182|0.02420838233416597|-0.23794828225506895|2|225.0|227.0|165.0|215.0|186.0|207.0|204.00666666666666|177.77380268703126|11
S|225|210|-15|137|288|Bearish|INTU|Intuit Inc.|Technology|Software - Application|287.93|0.30866282461047334|-0.13456570653556799|0.06286454960210563|-0.5654842739860076|-0.5382812941506827|-0.2578961186941897|-0.42244815810994535|0.15725647251995933|-1.4313588448751355|2|284.0|16.0|273.0|90.0|285.0|279.0|204.25666666666666|190.1356439678853|2
N|226|275|49|221|220|Bearish|ASTS|AST SpaceMobile, Inc.|Technology|Communication Equipment|63.46|3.728925627549372|0.018456084117531857|-0.1533021669924386|-0.1294924736390819|-0.23972685908790936|-0.2170323222293581|1.6925531709549408|0.008566232778445208|0.4057820711129245|2|148.0|270.0|83.0|262.0|212.0|274.0|208.4716666666667|265.3620340451264|2
S|227|184|-43|278|177|Bearish|ALB|Albemarle Corporation|Basic Materials|Specialty Chemicals|106.44|1.4752605803139065|-0.15427151603487765|-0.17453553591245474|0.16984049646242272|-0.2542453432909093|-0.30977639917411304|-0.8754107999567335|0.015186538408523641|0.5585621217253588|2|131.0|252.0|277.0|268.0|118.0|284.0|210.13666666666666|220.12363408118966|5
S|228|171|-57|195|219|Bearish|CVNA|Carvana Co.|Consumer Cyclical|Auto & Truck Dealerships|64.32|2.353486023353764|-0.13768597455572773|-0.030741419403081616|-0.12987010831634993|-0.1965022167655296|-0.10276443930123558|-0.44295002644070913|0.017738748086265375|0.0877720740692268|2|185.0|248.0|275.0|157.0|213.0|234.0|210.81333333333336|239.34662335366187|10
S|229|204|-25|228|224|Bearish|PEP|PepsiCo, Inc.|Consumer Defensive|Beverages - Non-Alcoholic|126.53|-0.2358342317386851|-0.08065105346950907|-0.10264751698902808|-0.0575737451233701|-0.08330386337471596|-0.12350170525053439|-1.0395818192122|0.021153733970215995|-0.1783168303384663|2|216.0|239.0|206.0|225.0|187.0|243.0|211.40166666666664|185.2759250353389|8
S|230|123|-107|250|206|Bearish|KHC|The Kraft Heinz Company|Consumer Defensive|Packaged Foods|21.93|-0.08859607904006613|-0.11750504372817339|-0.10591496342790219|-0.07276210562411223|-0.05431791897292615|-0.05659613343024661|-1.824265789489026|0.022568664016065595|-0.15224962238110715|2|210.0|233.0|255.0|230.0|196.0|199.0|211.98166666666668|188.90542555049552|8
S|231|234|3|212|228|Bearish|XEL|Xcel Energy Inc.|Utilities|Utilities - Regulated Electric|71.63|0.018567018965418697|-0.04638959141577825|-0.0930999444095898|-0.08820501027102456|-0.018616555525219236|-0.06904743804035063|-0.19315449462717005|0.04004739859970949|-0.40030641567867203|2|233.0|184.0|161.0|221.0|205.0|211.0|212.05166666666668|191.24021673166487|11
S|232|238|6|202|242|Bearish|HSY|The Hershey Company|Consumer Defensive|Confectioners|161.29|-0.15173529779722245|-0.06849549127662535|-0.0679538025121853|-0.1487150441520002|-0.09608276875036026|-0.14394080052153824|-1.0690881785878046|0.04627794363879738|-0.46795814717107653|2|237.0|169.0|192.0|195.0|217.0|251.0|212.58166666666665|188.0978857502103|8
S|233|268|35|251|213|Bearish|APLD|Applied Digital Corporation|Technology|Information Technology Services|25.4|3.842977638564447|-0.03678425515217387|-0.19211197301077465|-0.08336337642706992|-0.09640699222730009|-0.2094910872208937|-0.31766556079545244|0.00601092773315907|0.4157389674428151|2|146.0|278.0|141.0|274.0|200.0|272.0|213.74166666666665|274.5079445429496|2
S|234|237|3|224|227|Bearish|WEC|WEC Energy Group, Inc.|Utilities|Utilities - Regulated Electric|101.84|-0.09951516206331135|-0.03870117374854598|-0.11624447486140554|-0.08055281011810034|-0.0186816913668012|-0.072556364164992|-0.6224641188633052|0.039573002405119635|-0.44770810542041745|2|236.0|186.0|146.0|240.0|198.0|214.0|214.19166666666666|190.64096815790558|11
S|235|261|26|191|232|Bearish|IREN|IREN Limited|Financial Services|Capital Markets|40.95|3.788486881687523|-0.0834825487846671|-0.04778516491280471|-0.2909090909090909|-0.04098362369253927|-0.10255033616757825|-1.0449973685601317|0.026498421668996852|0.20152648889331912|2|173.0|222.0|210.0|176.0|253.0|233.0|214.4833333333333|274.2917294673945|7
S|236|283|47|141|273|Bearish|BABA|Alibaba Group Holding Limited|Consumer Cyclical|Internet Retail|108.43|1.2934630289780875|-0.04247613877170919|-0.005046828225286459|-0.4155228527868746|-0.2973814332707152|-0.16450072548159633|-0.48716842295468776|0.11427737472891088|-1.0765626673827937|2|277.0|40.0|153.0|139.0|268.0|258.0|215.08833333333334|221.40038071311818|10
S|237|239|2|226|229|Bearish|SO|The Southern Company|Utilities|Utilities - Regulated Electric|84.41|-0.22717777998410352|-0.04199296997754043|-0.11696407952552035|-0.0868447221599079|-0.007964010567215407|-0.07241068006326101|-0.28400483301978413|0.04228993692340217|-0.44252143257255566|2|235.0|179.0|152.0|241.0|203.0|212.0|216.27666666666667|189.73567470043048|11
S|238|178|-60|216|236|Bearish|CBRE|CBRE Group, Inc.|Real Estate|Real Estate Services|130.62|0.8628278650727219|-0.1165370672453826|-0.06659998770050468|-0.14916625609141432|-0.18459330788900052|-0.09823364740733154|-1.0893143932474578|0.04241842168225704|-0.3268584253525419|2|230.0|178.0|253.0|194.0|218.0|230.0|217.23000000000002|214.25020971297477|9
S|239|248|9|220|231|Bearish|PEG|Public Service Enterprise Group Incorporated|Utilities|Utilities - Regulated Electric|71.01|0.12408711636530055|-0.027724653096170226|-0.11818012468084382|-0.10259342096928037|-0.10037660099498247|-0.08431032162223762|0.8426002871459597|0.04453421232866966|-0.4854012052852981|2|238.0|172.0|132.0|243.0|207.0|224.0|218.39666666666668|199.26702125904603|11
S|240|230|-10|235|222|Bearish|EXC|Exelon Corporation|Utilities|Utilities - Regulated Electric|41.13|-0.2184435933898516|-0.057516027148337145|-0.1217929982468412|-0.06675227192780786|-0.03754579676330283|-0.08382922572170504|-0.40286398648283817|0.027635265509303005|-0.2619635691694209|2|228.0|216.0|173.0|247.0|192.0|223.0|218.89666666666668|192.2253425552273|11
S|241|256|15|242|244|Bearish|VMC|Vulcan Materials Company|Basic Materials|Building Materials|247.28|0.8088556548955845|-0.058447262679151124|-0.13556143900426354|-0.18230490552206768|-0.15017156885880378|-0.12545437711706664|0.3790702317169987|0.05599070369839349|-0.5724850519738375|2|245.0|150.0|176.0|253.0|224.0|244.0|220.72166666666664|216.5026968241311|5
S|242|155|-87|256|230|Bearish|KMB|Kimberly-Clark Corporation|Consumer Defensive|Household & Personal Products|95.66|0.0336093048160524|-0.08860517497706855|-0.1276997722954608|-0.16577805307921034|-0.020219618507318127|-0.0468390177246506|-1.3129761537645535|0.06294287381262882|-0.5133849621078195|2|240.0|137.0|218.0|250.0|222.0|195.0|221.08666666666664|199.72105691707648|8
S|243|215|-28|243|212|Bearish|NEE|NextEra Energy, Inc.|Utilities|Utilities - Regulated Electric|76.63|0.17711963859470573|-0.08150545703346868|-0.11703740898996562|-0.039918942164661075|-0.03247201271844424|-0.11193031429964695|-0.75623969185427|0.015524832374940357|-0.09548960513516365|2|200.0|251.0|208.0|242.0|183.0|239.0|221.5366666666667|203.30684943354763|11
S|244|257|13|266|240|Bearish|IBM|International Business Machines Corporation|Technology|Information Technology Services|222.62|0.8790668533974234|-0.05223721495819955|-0.2576826320738205|-0.21080992568115509|-0.22073763381865696|-0.11658110644875441|-0.9149316030322963|0.046892105631565144|-0.22985341544383187|2|223.0|165.0|168.0|284.0|231.0|242.0|223.14166666666665|220.44314427785233|2
S|245|229|-16|253|251|Bearish|SYK|Stryker Corporation|Healthcare|Medical Devices|280.52|0.16246401388437934|-0.07165792061249043|-0.13902916447960234|-0.22565282875626957|-0.18742297204023672|-0.1435415891626015|1.005861596683567|0.07166807879907544|-0.7091513121617953|2|255.0|116.0|200.0|254.0|236.0|250.0|223.685|204.95057629457276|3
S|246|174|-72|264|221|Bearish|O|Realty Income Corporation|Real Estate|REIT - Retail|54.02|-0.00676858562808954|-0.1136686445789089|-0.13401049655420905|-0.048453809720850116|-0.01942969120835858|-0.10590777418912733|-1.0843636187635266|0.022335970736809055|-0.21789083875136064|2|222.0|234.0|250.0|252.0|185.0|237.0|224.16000000000003|201.59227538456076|9
S|247|258|11|274|226|Bearish|ENPH|Enphase Energy, Inc.|Technology|Solar|33.26|2.4941758811153907|-0.0855100088869758|-0.22687123091376726|-0.10495155714280002|-0.014518518518518597|-0.19363270510707198|-0.5583968908940566|0.010701608499815496|0.2561299189473552|2|167.0|265.0|213.0|279.0|209.0|266.0|224.33666666666664|257.8565103249823|2
S|248|200|-48|225|260|Bearish|TMUS|T-Mobile US, Inc.|Communication Services|Telecom Services|163.96|-0.3312870321037289|-0.09673867264846148|-0.08456594402240258|-0.2557625417856353|-0.1652556483983001|-0.13303692321118354|-0.7075363170667215|0.08483779000802523|-0.8297387290860802|2|266.0|83.0|231.0|209.0|248.0|247.0|224.745|194.82498959698472|6
S|249|245|-4|260|241|Bearish|TTWO|Take-Two Interactive Software, Inc.|Communication Services|Electronic Gaming & Multimedia|203.24|0.6493129364747738|-0.053332723048113095|-0.19150291967435606|-0.20912136621080302|-0.19220987651176324|-0.09339596259359373|-0.8030364528096218|0.06375305996242016|-0.5525739421128444|2|244.0|135.0|170.0|273.0|228.0|227.0|225.95999999999998|218.03587511258397|6
S|250|241|-9|271|237|Bearish|BA|The Boeing Company|Industrials|Aerospace & Defense|189.75|1.229503728605447|-0.10600706713780916|-0.15647920616038602|-0.13644015978917|-0.16692278859941978|-0.1398445103341044|-1.0424345731501627|0.03442415606092576|-0.2569113406355118|2|227.0|202.0|242.0|264.0|214.0|248.0|225.9733333333333|231.15950558987345|4
S|251|262|11|232|249|Bearish|PINS|Pinterest, Inc.|Communication Services|Internet Content & Information|19.6|0.9675867434214199|-0.03921566830832657|-0.1300488503039524|-0.38826468664358316|-0.2620481779326509|-0.07395486245338323|1.358496292357588|0.09498529178954833|-0.6463024210140205|2|250.0|68.0|148.0|251.0|264.0|216.0|226.63|225.89541836615962|6
S|252|267|15|268|199|Bearish|EIX|Edison International|Utilities|Utilities - Regulated Electric|54.0|0.05720954390898432|-0.04879338445354642|-0.2778817747861464|0.03970668584724257|-0.07902429681130207|-0.197028428370438|-0.336815989350438|0.008982446684205222|0.3027928799517096|2|157.0|269.0|164.0|287.0|157.0|268.0|227.12666666666667|205.71338130095677|11
S|253|211|-42|246|233|Bearish|SBAC|SBA Communications Corporation|Real Estate|REIT - Specialty|163.98|0.11886315802024101|-0.1343961260203268|-0.09274500484332271|-0.10862560908464902|-0.13112572432511538|-0.131872252239277|-0.8235778880087169|0.029692412917876148|-0.16975247950288766|2|214.0|211.0|272.0|220.0|210.0|246.0|227.185|207.16689265548283|9
S|254|214|-40|227|239|Bearish|GLXY|Galaxy Digital|Financial Services|Capital Markets|23.0|3.830909450490128|-0.12647170274800912|-0.07481900903803951|-0.40782698481870316|-0.07070707070707072|-0.07510545860913209|-0.6600464243916837|0.05431353432241732|-0.1142146489735113|2|201.0|156.0|264.0|199.0|267.0|217.0|227.80333333333334|292.292394251982|7
S|255|247|-8|249|259|Bearish|NOC|Northrop Grumman Corporation|Industrials|Aerospace & Defense|475.67|0.06618569979761833|-0.07633302644690942|-0.1234185314726215|-0.2184166266516956|-0.17789583802093567|-0.19786511384548366|-1.7095786928729342|0.06948531524875917|-0.7660700566729867|2|258.0|126.0|204.0|248.0|235.0|269.0|228.31833333333333|206.99764086682927|4
S|256|270|14|244|255|Bearish|MLM|Martin Marietta Materials, Inc.|Basic Materials|Building Materials|487.57|0.8396809549460448|-0.05283916797644583|-0.1432265194413067|-0.22920178665351565|-0.22820208749323334|-0.16874687183766923|-0.4660600829271069|0.07059291387373157|-0.7813857496492362|2|261.0|122.0|169.0|257.0|238.0|259.0|228.51666666666665|224.85310928877536|5
S|257|150|-107|231|256|Bearish|CMCSA|Comcast Corporation|Communication Services|Telecom Services|21.44|0.142952879978986|-0.1906379696018019|-0.07546358317187207|-0.23664202575988202|-0.1965877279935353|-0.18320359230582128|-1.0634053061675637|0.07152081080178431|-0.6806118601863849|2|254.0|118.0|284.0|200.0|241.0|263.0|228.78499999999997|209.1770474645992|6
S|258|249|-9|229|250|Bearish|MP|MP Materials Corp.|Basic Materials|Other Industrial Metals & Mining|48.42|2.3317609781948447|-0.11204839383962406|-0.08641509433962258|-0.3485806698881262|-0.1191559227805915|-0.14552350590476248|-0.20548647221779273|0.046889000765646054|-0.20493633333231565|2|220.0|166.0|246.0|212.0|260.0|253.0|229.73166666666665|260.32643357889987|5
S|259|246|-13|254|238|Bearish|SRE|Sempra|Utilities|Utilities - Diversified|78.83|0.12992820085906862|-0.054115975547862516|-0.16613766048818734|-0.12171319383696722|-0.10134496726413167|-0.11060032185242663|-0.49093738158172134|0.050326904157318886|-0.5447115954930034|2|242.0|161.0|171.0|265.0|211.0|238.0|232.71166666666667|212.46408081689154|11
S|260|240|-20|252|245|Bearish|STZ|Constellation Brands, Inc.|Consumer Defensive|Beverages - Brewers|114.65|0.02723305856064535|-0.10555463761028627|-0.11344648409910252|-0.149301140303166|-0.17063457687883987|-0.18985650640529106|-0.6724091080006638|0.04132194807561555|-0.3938980665548273|2|232.0|181.0|240.0|237.0|219.0|265.0|232.81166666666667|210.16451737519347|8
S|261|124|-137|233|247|Bearish|CMG|Chipotle Mexican Grill, Inc.|Consumer Cyclical|Restaurants|30.8|0.6830582886505151|-0.16666664602436487|-0.07867186004089244|-0.26014895004194516|-0.17844762280470494|-0.1153956362826255|-1.298944012517041|0.06604494754194021|-0.49870924734728245|2|239.0|134.0|280.0|202.0|249.0|240.0|236.47833333333335|228.98334856695928|10
S|262|260|-2|238|257|Bearish|CCI|Crown Castle Inc.|Real Estate|REIT - Specialty|67.77|0.1566679309320345|-0.09329556295347985|-0.10591160383932374|-0.24183568170607916|-0.20600795855786314|-0.16106326871165888|-0.8308724059042611|0.07357189084291596|-0.7746690290194304|2|259.0|112.0|228.0|229.0|243.0|256.0|237.48000000000002|217.45255002377397|9
S|263|251|-12|241|266|Bearish|VICI|VICI Properties Inc.|Real Estate|REIT - Diversified|22.7|0.019227154363506464|-0.089936331760604|-0.11330709414666673|-0.24654162858119988|-0.15078594133575063|-0.1423551207951268|-1.3505632464715764|0.12320182440974303|-1.4526033511125496|2|285.0|33.0|221.0|235.0|245.0|249.0|237.65500000000003|214.34644293702593|9
S|264|278|14|208|278|Bearish|PDD|PDD Holdings Inc.|Consumer Cyclical|Internet Retail|77.42|0.9612671891665744|-0.05826540734480268|-0.0863818509358163|-0.4236581631453392|-0.3311447084233261|-0.17822410620394213|-0.6684430603430283|0.14646006943558162|-1.478960986194439|2|286.0|20.0|175.0|211.0|270.0|261.0|238.78833333333333|237.86343899891042|10
S|265|188|-77|240|261|Bearish|SE|Sea Limited|Consumer Cyclical|Internet Retail|95.93|1.254097559686138|-0.14416983554158558|-0.08907034257003732|-0.4937730870712401|-0.27043884711840516|-0.06531903050836851|-1.2869158854047011|0.1442756890814796|-1.085769807155555|2|278.0|22.0|276.0|213.0|275.0|205.0|240.32833333333332|246.43501763567699|10
S|266|280|14|207|275|Bearish|KWEB|KraneShares CSI China Internet ETF|Unknown|Unknown|24.32|1.1151145763552974|-0.06641072121796188|-0.07913668532705065|-0.398142007830248|-0.3174291532153892|-0.16202308096388052|-0.8140351023996708|0.15862238656805316|-1.7245967148329326|2|288.0|15.0|191.0|203.0|265.0|257.0|240.67|243.44046250914292|12
S|267|182|-85|247|254|Bearish|BKNG|Booking Holdings Inc.|Consumer Cyclical|Travel Services|157.95|0.8677414900747226|-0.18086054734479118|-0.09156311459224653|-0.26476107353262057|-0.2528385233886683|-0.12872876455469606|-1.207959700708689|0.07013128880747617|-0.624558673638476|2|247.0|124.0|283.0|217.0|250.0|245.0|242.30833333333334|239.10359942241894|10
S|268|254|-14|262|258|Bearish|MCD|McDonald's Corporation|Consumer Cyclical|Restaurants|233.7|0.010583656504131811|-0.08600258997785992|-0.15413797285556086|-0.19027520072138315|-0.21426807806466863|-0.18166491006955943|-0.9727002639515758|0.08391815260601997|-1.0122750119108097|2|276.0|88.0|215.0|263.0|225.0|262.0|243.57333333333332|219.47378964935663|10
S|269|144|-125|255|271|Bearish|GIS|General Mills, Inc.|Consumer Defensive|Packaged Foods|32.0|-0.33479216772084525|-0.1642726760284987|-0.10393848601148326|-0.32261897802014294|-0.26575610567339103|-0.1549895164255508|-1.3926119795636565|0.1133425354382022|-1.211166122589551|2|280.0|42.0|279.0|226.0|259.0|255.0|244.42666666666668|211.80078664178862|8
S|270|225|-45|258|277|Bearish|NFLX|Netflix, Inc.|Communication Services|Entertainment|67.53|0.31132416682172015|-0.1369968051118211|-0.10662781754694206|-0.41950125713737063|-0.2578305134031754|-0.19414120352132969|-1.266624457384173|0.13821475648442164|-1.3115254777913812|2|281.0|25.0|274.0|232.0|269.0|267.0|246.31499999999997|229.35188121506917|6
S|271|284|13|269|248|Bearish|DECK|Deckers Outdoor Corporation|Consumer Cyclical|Footwear & Accessories|79.93|1.057386696204215|-0.06852345560992112|-0.21805909757892483|-0.21667974046600458|-0.25152168447656487|-0.20899213618470458|0.667843828701782|0.04406577236221602|-0.3264653818016399|2|229.0|173.0|193.0|278.0|234.0|270.0|249.8983333333333|251.3324173070273|10
S|272|147|-125|287|267|Bearish|NVO|Novo Nordisk A/S|Healthcare|Drug Manufacturers - General|36.96|1.0269946724166998|-0.20686692681920538|-0.23435694893427772|-0.3494533150120003|-0.2593030883412989|-0.16927457322115258|-1.2411197885022116|0.0884808226235066|-0.7094769280998029|2|256.0|75.0|286.0|281.0|261.0|260.0|250.14999999999998|250.82527173050374|3
S|273|216|-57|237|282|Bearish|CELH|Celsius Holdings, Inc.|Consumer Defensive|Beverages - Non-Alcoholic|27.5|1.0599121644385612|-0.10306587942396328|-0.1013072007458855|-0.5347656958882843|-0.4240837696335078|-0.24207090672446563|-0.5331654308623682|0.11844430309345085|-0.9229550045645253|2|273.0|35.0|237.0|224.0|282.0|277.0|251.1016666666667|252.60607110107966|8
S|274|259|-15|270|263|Bearish|LOW|Lowe's Companies, Inc.|Consumer Cyclical|Home Improvement Retail|181.21|0.6310753623139345|-0.11367081093244302|-0.1433878014013329|-0.2347717439932553|-0.2546158030170672|-0.20947810714534265|-1.4778911791293412|0.07191140832216385|-0.85072836545327|2|267.0|114.0|251.0|258.0|239.0|271.0|252.16333333333333|242.86040669456227|10
S|275|242|-33|272|265|Bearish|HD|The Home Depot, Inc.|Consumer Cyclical|Home Improvement Retail|284.12|0.7068024691247012|-0.11502877806300771|-0.1487053653069913|-0.24956732159273143|-0.16057946971054193|-0.14926559862750854|-1.1952334546910508|0.08786564831667777|-0.9974386710379846|2|275.0|77.0|252.0|261.0|247.0|254.0|252.22833333333335|244.83306087832085|10
S|276|252|-24|279|268|Bearish|WY|Weyerhaeuser Company|Real Estate|REIT - Specialty|18.41|0.28919667671516974|-0.20026065882239863|-0.1727807672474|-0.23553650497060274|-0.2058403216217074|-0.22414209448635958|-1.4990857341435857|0.0772644221203759|-0.8712262754141996|2|270.0|103.0|285.0|266.0|240.0|275.0|256.67999999999995|238.43510029792495|9
S|277|279|2|239|283|Bearish|FISV|Fiserv, Inc.|Unknown|Unknown|46.02|0.642571309621861|-0.1316981132075471|-0.09051380656589325|-0.6319872140990475|-0.2983686145837646|-0.1859571425917238|-0.5980130073197922|0.24283299078421017|-1.3616156962478916|2|282.0|1.0|269.0|214.0|287.0|264.0|260.27|250.96720347552815|12
S|278|287|9|285|276|Bearish|BIDU|Baidu, Inc.|Communication Services|Internet Content & Information|86.57|1.7671245039515493|-0.1296873535980032|-0.26398573390174773|-0.4025947290577838|-0.42401864110283183|-0.2755284792036734|-0.9668429308359608|0.08796476854307383|-0.8202087559151788|2|263.0|76.0|268.0|286.0|266.0|281.0|262.65999999999997|282.80929222079135|6
S|279|265|-14|265|284|Bearish|LULU|lululemon athletica inc.|Consumer Cyclical|Apparel Retail|92.5|1.2429226689938644|-0.08060829501194877|-0.18588278679844839|-0.4687571640595041|-0.5612162560065965|-0.3567902086214726|-1.897822452908844|0.10528624936721052|-1.1803468758681044|2|279.0|54.0|205.0|270.0|274.0|286.0|264.7183333333333|271.14894173982736|10
S|280|269|-11|284|272|Bearish|LVS|Las Vegas Sands Corp.|Consumer Cyclical|Resorts & Casinos|36.47|0.6148105944915405|-0.17804821099979207|-0.20539322406053862|-0.28716384702804987|-0.430930150609237|-0.28411924813395717|-1.4084141507081516|0.07753248942049015|-0.826641502094288|2|264.0|101.0|282.0|277.0|252.0|283.0|267.2333333333333|256.93978845346226|10
S|281|274|-7|283|281|Bearish|UPST|Upstart Holdings, Inc.|Financial Services|Credit Services|24.44|2.9462367330695853|-0.12869872852940756|-0.23168813548183576|-0.5354495396985193|-0.4668411885112037|-0.23712492350831216|-0.08920153166449024|0.10001420252189468|-0.8535767227874517|2|268.0|58.0|267.0|280.0|283.0|276.0|267.6383333333334|319.72708888441895|7
S|282|227|-55|273|285|Bearish|CHWY|Chewy, Inc.|Consumer Cyclical|Internet Retail|18.02|0.7746042591600438|-0.23837700269592366|-0.1235408332646063|-0.5206171873675981|-0.4619289609774373|-0.2597202791893781|-1.0960592213550422|0.1370928028227955|-1.3794323493071943|2|283.0|26.0|287.0|249.0|279.0|280.0|267.8233333333333|261.786709470244|10
S|283|228|-55|280|289|Bearish|CHTR|Charter Communications, Inc.|Communication Services|Telecom Services|108.46|0.27811074452233353|-0.28640044687097455|-0.18780885537708947|-0.6163966762887239|-0.4817469388731216|-0.3761925384304211|-1.0867989899371853|0.1688007199353428|-1.5698954452901186|2|287.0|11.0|288.0|271.0|286.0|287.0|268.06|248.70903661766567|6
S|284|289|5|259|286|Bearish|OKLO|Oklo Inc.|Utilities|Utilities - Independent Power Producers|38.84|3.870932416486487|-0.058880553205967745|-0.17851097709826103|-0.7196882167699556|-0.5007712278088086|-0.34206514764696117|0.4907394523547683|0.11382769671997757|-0.8698297593443154|2|269.0|41.0|177.0|269.0|288.0|285.0|268.1166666666667|345.0911496400302|11
S|285|288|3|286|279|Bearish|APP|AppLovin Corporation|Communication Services|Advertising Agencies|279.6|2.1313505394899264|-0.12777638467228536|-0.4645524456667528|-0.5236797274275979|-0.5478069661533844|-0.3818970451751339|-1.5107645297012076|0.0753845618121972|-0.653547978662731|2|252.0|107.0|265.0|288.0|280.0|288.0|268.715|299.1160860219035|6
S|286|282|-4|277|287|Bearish|NKE|NIKE, Inc.|Consumer Cyclical|Footwear & Accessories|34.08|0.6766246024498094|-0.1125000352660801|-0.19698012590718594|-0.5053578435275385|-0.4472130424511287|-0.283548580015654|-1.8132961445431361|0.1651720437148572|-1.7932664065000492|2|289.0|14.0|247.0|275.0|277.0|282.0|270.67333333333335|261.92042365604317|10
S|287|286|-1|282|269|Bearish|NRG|NRG Energy, Inc.|Utilities|Utilities - Independent Power Producers|104.63|1.4059393102384223|-0.120904024944826|-0.23624232514518795|-0.35393139644299276|-0.3641565000486826|-0.25062609329624774|0.262323876629294|0.06775705787485657|-0.6446652871656967|2|249.0|130.0|261.0|282.0|262.0|278.0|270.9866666666667|281.9870807217143|11
S|288|38|-250|289|280|Bearish|CTVA|Vylor, Inc.|Basic Materials|Agricultural Inputs|13.61|0.0839423136461074|-0.8450944695486778|-0.8398801396575486|-0.7863471960920203|-0.7977977501344603|-0.8240182746260809|-1.9083937408554137|0.17306375088782333|-0.5915714373477079|2|246.0|10.0|289.0|289.0|289.0|289.0|272.14166666666665|247.21192011395075|5
S|289|253|-36|288|274|Bearish|DKNG|DraftKings Inc.|Consumer Cyclical|Gambling|20.14|0.7646441467854338|-0.16118284847938402|-0.2587412608227292|-0.42424241670780716|-0.4352215343191712|-0.2125306934462673|-0.8183203710306222|0.08970560815095786|-0.779685868696235|2|260.0|73.0|278.0|285.0|271.0|273.0|273.0383333333333|266.6122163431383|10
